call	request	input_tokens	questions	ns
0	0	5120	10	3061927625
1	1	5120	10	2881123917
2	2	5120	10	2851812625
3	3	5120	10	2923465375
4	4	5120	10	3179857417
5	5	5120	10	2998691333
6	6	5120	10	2975508125
7	7	5120	10	2958840959
8	8	5120	10	3061596917
9	9	5120	10	2953175417
10	10	5120	10	2980133708
11	11	5120	10	3122585125
12	12	5120	10	2948872208
13	13	5120	10	2999394750
14	14	5120	10	3098609125
15	15	5120	10	2959752167
16	16	5120	10	3018676417
17	17	5120	10	2952658333
18	18	5120	10	3066269334
19	19	5120	10	2930831833
20	20	5120	10	3020662417
21	21	5120	10	3070270500
22	22	5120	10	2918874083
23	23	5120	10	2968364667
24	24	5120	10	2977013417
25	25	5120	10	2968692583
26	26	5120	10	3001708000
27	27	5120	10	3036921375
28	28	5120	10	2990215458
29	29	5120	10	2920827292
30	30	5120	10	3100766125
31	31	5120	10	3037977292
32	32	5120	10	3020419583
33	33	5120	10	2991924167
34	34	5120	10	3032828875
35	35	5120	10	2951786584
36	36	5120	10	3004665791
37	37	5120	10	3064495292
38	38	5120	10	2939293583
39	39	5120	10	3102169541
40	40	5120	10	2934969542
41	41	5120	10	2892095125
42	42	5120	10	3013696750
43	43	5120	10	3051187667
44	44	5120	10	2864916416
45	45	5120	10	3044898208
46	46	5120	10	2947929500
47	47	5120	10	2978054250
48	48	5120	10	2965386458
49	49	5120	10	2912835166
50	0	5120	10	3077429459
51	1	5120	10	2997473583
52	2	5120	10	3059154833
53	3	5120	10	2948563833
54	4	5120	10	3084887041
55	5	5120	10	2999141167
56	6	5120	10	3155228125
57	7	5120	10	2956986958
58	8	5120	10	2967112083
59	9	5120	10	3023711375
60	10	5120	10	2881339042
61	11	5120	10	3029541000
62	12	5120	10	3164983292
63	13	5120	10	3060178292
64	14	5120	10	2935126875
65	15	5120	10	2947214917
66	16	5120	10	2959126333
67	17	5120	10	2887053750
68	18	5120	10	2997774250
69	19	5120	10	2870363167
70	20	5120	10	2929306125
71	21	5120	10	3052387875
72	22	5120	10	3169350125
73	23	5120	10	3133568750
74	24	5120	10	3138219084
75	25	5120	10	3357392792
76	26	5120	10	3138002625
77	27	5120	10	2973790875
78	28	5120	10	3003158625
79	29	5120	10	2952121000
80	30	5120	10	2956898459
81	31	5120	10	2965829625
82	32	5120	10	2977665333
83	33	5120	10	2966141625
84	34	5120	10	2992711917
85	35	5120	10	2827575208
86	36	5120	10	2909358083
87	37	5120	10	3085093625
88	38	5120	10	2971966416
89	39	5120	10	2769155000
90	40	5120	10	2465084250
91	41	5120	10	2549668125
92	42	5120	10	2976159792
93	43	5120	10	2951466666
94	44	5120	10	3046363208
95	45	5120	10	2935802166
96	46	5120	10	2901121792
97	47	5120	10	2975004167
98	48	5120	10	2877616167
99	49	5120	10	2514886458
100	0	5120	10	3450578292
101	1	5120	10	2928529750
102	2	5120	10	2850724416
103	3	5120	10	3065263958
104	4	5120	10	2883544916
105	5	5120	10	2999985292
106	6	5120	10	2992408541
107	7	5120	10	2959522334
108	8	5120	10	2970132708
109	9	5120	10	2956620875
110	10	5120	10	2981400875
111	11	5120	10	2938088500
112	12	5120	10	2940118334
113	13	5120	10	2964658208
114	14	5120	10	2870616000
115	15	5120	10	2953768334
116	16	5120	10	2937795333
117	17	5120	10	2950097500
118	18	5120	10	3022602000
119	19	5120	10	2858884083
120	20	5120	10	2921887292
121	21	5120	10	2944015750
122	22	5120	10	2964018083
123	23	5120	10	2963140333
124	24	5120	10	2948934000
125	25	5120	10	2875326208
126	26	5120	10	3053551666
127	27	5120	10	2917562750
128	28	5120	10	2992340708
129	29	5120	10	2958253917
130	30	5120	10	2946274959
131	31	5120	10	2938289292
132	32	5120	10	2937866916
133	33	5120	10	2943526459
134	34	5120	10	2916576292
135	35	5120	10	2939126458
136	36	5120	10	2947135333
137	37	5120	10	2859823917
138	38	5120	10	2938930791
139	39	5120	10	2920924167
140	40	5120	10	2935447708
141	41	5120	10	2885999833
142	42	5120	10	2937783208
143	43	5120	10	2958847000
144	44	5120	10	2964653708
145	45	5120	10	2849941792
146	46	5120	10	2879397833
147	47	5120	10	2930398042
148	48	5120	10	2972456459
149	49	5120	10	3010657500
150	0	5120	10	2971282458
151	1	5120	10	2948539500
152	2	5120	10	2985738083
153	3	5120	10	3192390792
154	4	5120	10	3254628792
155	5	5120	10	2941589458
156	6	5120	10	2950039958
157	7	5120	10	2938314666
158	8	5120	10	2935264292
159	9	5120	10	2958618625
160	10	5120	10	3052634500
161	11	5120	10	2916788500
162	12	5120	10	2929027916
163	13	5120	10	2980684084
164	14	5120	10	2933188333
165	15	5120	10	2934095083
166	16	5120	10	2617577833
167	17	5120	10	2848610000
168	18	5120	10	3123482791
169	19	5120	10	3297669000
170	20	5120	10	3077752916
171	21	5120	10	3111947417
172	22	5120	10	3052824250
173	23	5120	10	3111176958
174	24	5120	10	3066679834
175	25	5120	10	3048022292
176	26	5120	10	2930700542
177	27	5120	10	3102367875
178	28	5120	10	3154610542
179	29	5120	10	3068258167
180	30	5120	10	3097079875
181	31	5120	10	3157385458
182	32	5120	10	3153049709
183	33	5120	10	2992100709
184	34	5120	10	3139908875
185	35	5120	10	3133243750
186	36	5120	10	3244459042
187	37	5120	10	3045303000
188	38	5120	10	3108356833
189	39	5120	10	3092956250
190	40	5120	10	3081122041
191	41	5120	10	3084110541
192	42	5120	10	2980054959
193	43	5120	10	3008731084
194	44	5120	10	3110314917
195	45	5120	10	3103129208
196	46	5120	10	3072446459
197	47	5120	10	3108513500
198	48	5120	10	3071087708
199	49	5120	10	3035046666
200	0	5120	10	3076356750
201	1	5120	10	3106447500
202	2	5120	10	3116662917
203	3	5120	10	2998687292
204	4	5120	10	3103207083
205	5	5120	10	2986020709
206	6	5120	10	2920168959
207	7	5120	10	2962342708
208	8	5120	10	3067377958
209	9	5120	10	3109158417
210	10	5120	10	3073477625
211	11	5120	10	3041180709
212	12	5120	10	3030050666
213	13	5120	10	2978329000
214	14	5120	10	3107559833
215	15	5120	10	2989950667
216	16	5120	10	2870854292
217	17	5120	10	3023463292
218	18	5120	10	3006188500
219	19	5120	10	2986548833
220	20	5120	10	2919153292
221	21	5120	10	2924935708
222	22	5120	10	2972505750
223	23	5120	10	3004935792
224	24	5120	10	3095219333
225	25	5120	10	2857196833
226	26	5120	10	2868042166
227	27	5120	10	2902708166
228	28	5120	10	2930705250
229	29	5120	10	2994617709
230	30	5120	10	3011733084
231	31	5120	10	3019813833
232	32	5120	10	2894744625
233	33	5120	10	2357509875
234	34	5120	10	2202759250
235	35	5120	10	2194800625
236	36	5120	10	2384722958
237	37	5120	10	2362057333
238	38	5120	10	2302957833
239	39	5120	10	2306940958
240	40	5120	10	2240900583
241	41	5120	10	2215558833
242	42	5120	10	2227229083
243	43	5120	10	2248788583
244	44	5120	10	2232839959
245	45	5120	10	2249808750
246	46	5120	10	2223441666
247	47	5120	10	2350050084
248	48	5120	10	2378996417
249	49	5120	10	2452851041
250	0	5120	10	2467195958
251	1	5120	10	2412471334
252	2	5120	10	2501567792
253	3	5120	10	2458183250
254	4	5120	10	2643280333
255	5	5120	10	3618621083
256	6	5120	10	2957136583
257	7	5120	10	3172913750
258	8	5120	10	2586719584
259	9	5120	10	2370895833
260	10	5120	10	2428890833
261	11	5120	10	2657229875
262	12	5120	10	2556050291
263	13	5120	10	2461630208
264	14	5120	10	2564292125
265	15	5120	10	2726347042
266	16	5120	10	2748238250
267	17	5120	10	2472801042
268	18	5120	10	2643820250
269	19	5120	10	2931522583
270	20	5120	10	3334204542
271	21	5120	10	3115671583
272	22	5120	10	3187679917
273	23	5120	10	3205744042
274	24	5120	10	2642127750
275	25	5120	10	3075803125
276	26	5120	10	2921811583
277	27	5120	10	3123163625
278	28	5120	10	2937173000
279	29	5120	10	3034030083
280	30	5120	10	3018104875
281	31	5120	10	2932765541
282	32	5120	10	3254524583
283	33	5120	10	3103064458
284	34	5120	10	3119607792
285	35	5120	10	3177444458
286	36	5120	10	3019074209
287	37	5120	10	3148644833
288	38	5120	10	3097883500
289	39	5120	10	3094476709
290	40	5120	10	3080848666
291	41	5120	10	3060458125
292	42	5120	10	3012159792
293	43	5120	10	3000871708
294	44	5120	10	3038964416
295	45	5120	10	2965178375
296	46	5120	10	3079063667
297	47	5120	10	3174064125
298	48	5120	10	3005236333
299	49	5120	10	2996540125
