timestamp, pstate, clocks.sm, clocks.mem, utilization.gpu, power.draw, clocks_event_reasons.active
2026/09/28 13:59:12.086, P8, 210 MHz, 405 MHz, 0 %, 19.26 W, 0x0000000000000001
2026/09/28 13:59:12.213, P8, 210 MHz, 405 MHz, 0 %, 19.26 W, 0x0000000000000001
2026/09/28 13:59:12.340, P8, 210 MHz, 405 MHz, 0 %, 19.26 W, 0x0000000000000001
2026/09/28 13:59:12.465, P8, 210 MHz, 405 MHz, 0 %, 19.45 W, 0x0000000000000001
2026/09/28 13:59:12.589, P8, 210 MHz, 405 MHz, 0 %, 19.45 W, 0x0000000000000001
2026/09/28 13:59:12.715, P8, 210 MHz, 405 MHz, 0 %, 19.45 W, 0x0000000000000001
2026/09/28 13:59:12.841, P8, 210 MHz, 405 MHz, 0 %, 19.45 W, 0x0000000000000001
2026/09/28 13:59:12.966, P2, 2595 MHz, 10251 MHz, 1 %, 25.80 W, 0x0000000000000000
2026/09/28 13:59:13.090, P2, 2595 MHz, 10251 MHz, 1 %, 25.80 W, 0x0000000000000000
2026/09/28 13:59:13.233, P2, 2595 MHz, 10251 MHz, 1 %, 25.80 W, 0x0000000000000000
2026/09/28 13:59:13.343, P2, 2595 MHz, 10251 MHz, 1 %, 25.80 W, 0x0000000000000000
2026/09/28 13:59:13.451, P2, 2595 MHz, 10251 MHz, 13 %, 50.76 W, 0x0000000000000000
2026/09/28 13:59:13.561, P2, 2595 MHz, 10251 MHz, 13 %, 50.76 W, 0x0000000000000000
2026/09/28 13:59:13.673, P2, 2595 MHz, 10251 MHz, 13 %, 50.76 W, 0x0000000000000000
2026/09/28 13:59:13.782, P2, 2595 MHz, 10251 MHz, 13 %, 50.76 W, 0x0000000000000000
2026/09/28 13:59:13.893, P2, 2595 MHz, 10251 MHz, 13 %, 50.76 W, 0x0000000000000000
2026/09/28 13:59:14.003, P2, 2595 MHz, 10251 MHz, 2 %, 67.69 W, 0x0000000000000000
2026/09/28 13:59:14.111, P2, 2595 MHz, 10251 MHz, 2 %, 67.69 W, 0x0000000000000000
2026/09/28 13:59:14.222, P2, 2595 MHz, 10251 MHz, 2 %, 67.69 W, 0x0000000000000000
2026/09/28 13:59:14.333, P2, 2595 MHz, 10251 MHz, 2 %, 67.69 W, 0x0000000000000000
2026/09/28 13:59:14.443, P2, 2595 MHz, 10251 MHz, 2 %, 67.75 W, 0x0000000000000000
2026/09/28 13:59:14.554, P2, 2595 MHz, 10251 MHz, 2 %, 67.75 W, 0x0000000000000000
2026/09/28 13:59:14.666, P2, 2595 MHz, 10251 MHz, 2 %, 67.75 W, 0x0000000000000000
2026/09/28 13:59:14.776, P2, 2595 MHz, 10251 MHz, 2 %, 67.75 W, 0x0000000000000000
2026/09/28 13:59:14.885, P2, 2595 MHz, 10251 MHz, 2 %, 67.75 W, 0x0000000000000000
2026/09/28 13:59:14.995, P2, 2595 MHz, 10251 MHz, 2 %, 68.04 W, 0x0000000000000000
2026/09/28 13:59:15.105, P2, 2595 MHz, 10251 MHz, 2 %, 68.04 W, 0x0000000000000000
2026/09/28 13:59:15.215, P2, 2595 MHz, 10251 MHz, 2 %, 68.04 W, 0x0000000000000000
2026/09/28 13:59:15.326, P2, 2595 MHz, 10251 MHz, 2 %, 68.04 W, 0x0000000000000000
2026/09/28 13:59:15.436, P2, 2595 MHz, 10251 MHz, 6 %, 68.47 W, 0x0000000000000000
2026/09/28 13:59:15.546, P2, 2595 MHz, 10251 MHz, 6 %, 68.47 W, 0x0000000000000000
2026/09/28 13:59:15.657, P2, 2595 MHz, 10251 MHz, 6 %, 68.47 W, 0x0000000000000000
2026/09/28 13:59:15.767, P2, 2595 MHz, 10251 MHz, 6 %, 68.47 W, 0x0000000000000000
2026/09/28 13:59:15.879, P2, 2595 MHz, 10251 MHz, 6 %, 68.47 W, 0x0000000000000000
2026/09/28 13:59:15.986, P2, 2595 MHz, 10251 MHz, 5 %, 68.81 W, 0x0000000000000000
2026/09/28 13:59:16.096, P2, 2595 MHz, 10251 MHz, 5 %, 68.81 W, 0x0000000000000000
2026/09/28 13:59:16.205, P2, 2595 MHz, 10251 MHz, 5 %, 68.81 W, 0x0000000000000000
2026/09/28 13:59:16.315, P2, 2595 MHz, 10251 MHz, 5 %, 68.81 W, 0x0000000000000000
2026/09/28 13:59:16.425, P2, 2595 MHz, 10251 MHz, 5 %, 69.70 W, 0x0000000000000000
2026/09/28 13:59:16.536, P2, 2595 MHz, 10251 MHz, 5 %, 69.70 W, 0x0000000000000000
2026/09/28 13:59:16.646, P2, 2595 MHz, 10251 MHz, 5 %, 69.70 W, 0x0000000000000000
2026/09/28 13:59:16.756, P2, 2595 MHz, 10251 MHz, 5 %, 69.70 W, 0x0000000000000000
2026/09/28 13:59:16.866, P2, 2595 MHz, 10251 MHz, 5 %, 69.70 W, 0x0000000000000000
2026/09/28 13:59:16.977, P2, 2775 MHz, 10251 MHz, 97 %, 136.31 W, 0x0000000000000000
2026/09/28 13:59:17.087, P2, 2775 MHz, 10251 MHz, 97 %, 136.31 W, 0x0000000000000000
2026/09/28 13:59:17.197, P2, 2775 MHz, 10251 MHz, 97 %, 136.31 W, 0x0000000000000000
2026/09/28 13:59:17.308, P2, 2775 MHz, 10251 MHz, 97 %, 136.31 W, 0x0000000000000000
2026/09/28 13:59:17.419, P2, 2775 MHz, 10251 MHz, 97 %, 261.95 W, 0x0000000000000000
2026/09/28 13:59:17.530, P2, 2775 MHz, 10251 MHz, 97 %, 261.95 W, 0x0000000000000000
2026/09/28 13:59:17.638, P2, 2775 MHz, 10251 MHz, 97 %, 261.95 W, 0x0000000000000000
2026/09/28 13:59:17.749, P2, 2775 MHz, 10251 MHz, 97 %, 261.95 W, 0x0000000000000000
2026/09/28 13:59:17.859, P2, 2775 MHz, 10251 MHz, 97 %, 261.95 W, 0x0000000000000000
2026/09/28 13:59:17.968, P2, 2775 MHz, 10251 MHz, 98 %, 343.97 W, 0x0000000000000000
2026/09/28 13:59:18.079, P2, 2775 MHz, 10251 MHz, 98 %, 343.97 W, 0x0000000000000000
2026/09/28 13:59:18.190, P2, 2775 MHz, 10251 MHz, 98 %, 343.97 W, 0x0000000000000000
2026/09/28 13:59:18.299, P2, 2775 MHz, 10251 MHz, 98 %, 343.97 W, 0x0000000000000000
2026/09/28 13:59:18.410, P2, 2775 MHz, 10251 MHz, 56 %, 317.13 W, 0x0000000000000000
2026/09/28 13:59:18.520, P2, 2775 MHz, 10251 MHz, 56 %, 317.13 W, 0x0000000000000000
2026/09/28 13:59:18.631, P2, 2775 MHz, 10251 MHz, 56 %, 317.13 W, 0x0000000000000000
2026/09/28 13:59:18.740, P2, 2775 MHz, 10251 MHz, 56 %, 317.13 W, 0x0000000000000000
2026/09/28 13:59:18.851, P2, 2775 MHz, 10251 MHz, 56 %, 317.13 W, 0x0000000000000000
2026/09/28 13:59:18.960, P2, 2775 MHz, 10251 MHz, 54 %, 264.31 W, 0x0000000000000000
2026/09/28 13:59:19.069, P2, 2775 MHz, 10251 MHz, 54 %, 264.31 W, 0x0000000000000000
2026/09/28 13:59:19.180, P2, 2775 MHz, 10251 MHz, 54 %, 264.31 W, 0x0000000000000000
2026/09/28 13:59:19.290, P2, 2775 MHz, 10251 MHz, 54 %, 264.31 W, 0x0000000000000000
2026/09/28 13:59:19.399, P2, 2775 MHz, 10251 MHz, 53 %, 231.23 W, 0x0000000000000000
2026/09/28 13:59:19.509, P2, 2775 MHz, 10251 MHz, 53 %, 231.23 W, 0x0000000000000000
2026/09/28 13:59:19.619, P2, 2775 MHz, 10251 MHz, 53 %, 231.23 W, 0x0000000000000000
2026/09/28 13:59:19.728, P2, 2775 MHz, 10251 MHz, 53 %, 231.23 W, 0x0000000000000000
2026/09/28 13:59:19.840, P2, 2775 MHz, 10251 MHz, 53 %, 231.23 W, 0x0000000000000000
2026/09/28 13:59:19.948, P2, 2775 MHz, 10251 MHz, 52 %, 227.52 W, 0x0000000000000000
2026/09/28 13:59:20.058, P2, 2775 MHz, 10251 MHz, 52 %, 227.52 W, 0x0000000000000000
2026/09/28 13:59:20.171, P2, 2775 MHz, 10251 MHz, 52 %, 227.52 W, 0x0000000000000000
2026/09/28 13:59:20.279, P2, 2775 MHz, 10251 MHz, 52 %, 227.52 W, 0x0000000000000000
2026/09/28 13:59:20.390, P2, 2775 MHz, 10251 MHz, 52 %, 227.52 W, 0x0000000000000000
2026/09/28 13:59:20.500, P2, 2775 MHz, 10251 MHz, 97 %, 247.48 W, 0x0000000000000000
2026/09/28 13:59:20.611, P2, 2775 MHz, 10251 MHz, 97 %, 247.48 W, 0x0000000000000000
2026/09/28 13:59:20.720, P2, 2775 MHz, 10251 MHz, 97 %, 247.48 W, 0x0000000000000000
2026/09/28 13:59:20.831, P2, 2775 MHz, 10251 MHz, 97 %, 247.48 W, 0x0000000000000000
2026/09/28 13:59:20.942, P2, 2775 MHz, 10251 MHz, 76 %, 298.30 W, 0x0000000000000000
2026/09/28 13:59:21.052, P2, 2775 MHz, 10251 MHz, 76 %, 298.30 W, 0x0000000000000000
2026/09/28 13:59:21.161, P2, 2775 MHz, 10251 MHz, 76 %, 298.30 W, 0x0000000000000000
2026/09/28 13:59:21.272, P2, 2775 MHz, 10251 MHz, 76 %, 298.30 W, 0x0000000000000000
2026/09/28 13:59:21.384, P2, 2775 MHz, 10251 MHz, 76 %, 298.30 W, 0x0000000000000000
2026/09/28 13:59:21.492, P2, 2775 MHz, 10251 MHz, 64 %, 319.56 W, 0x0000000000000000
2026/09/28 13:59:21.603, P2, 2775 MHz, 10251 MHz, 64 %, 319.56 W, 0x0000000000000000
2026/09/28 13:59:21.714, P2, 2775 MHz, 10251 MHz, 64 %, 319.56 W, 0x0000000000000000
2026/09/28 13:59:21.823, P2, 2775 MHz, 10251 MHz, 64 %, 319.56 W, 0x0000000000000000
2026/09/28 13:59:21.934, P2, 2775 MHz, 10251 MHz, 58 %, 285.86 W, 0x0000000000000000
2026/09/28 13:59:22.046, P2, 2775 MHz, 10251 MHz, 58 %, 285.86 W, 0x0000000000000000
2026/09/28 13:59:22.155, P2, 2775 MHz, 10251 MHz, 58 %, 285.86 W, 0x0000000000000000
2026/09/28 13:59:22.266, P2, 2775 MHz, 10251 MHz, 58 %, 285.86 W, 0x0000000000000000
2026/09/28 13:59:22.377, P2, 2775 MHz, 10251 MHz, 58 %, 285.86 W, 0x0000000000000000
2026/09/28 13:59:22.487, P2, 2775 MHz, 10251 MHz, 55 %, 251.54 W, 0x0000000000000000
2026/09/28 13:59:22.598, P2, 2775 MHz, 10251 MHz, 55 %, 251.54 W, 0x0000000000000000
2026/09/28 13:59:22.708, P2, 2775 MHz, 10251 MHz, 55 %, 251.54 W, 0x0000000000000000
2026/09/28 13:59:22.816, P2, 2775 MHz, 10251 MHz, 55 %, 251.54 W, 0x0000000000000000
2026/09/28 13:59:22.928, P2, 2775 MHz, 10251 MHz, 54 %, 230.85 W, 0x0000000000000000
2026/09/28 13:59:23.035, P2, 2775 MHz, 10251 MHz, 54 %, 230.85 W, 0x0000000000000000
2026/09/28 13:59:23.144, P2, 2775 MHz, 10251 MHz, 54 %, 230.85 W, 0x0000000000000000
2026/09/28 13:59:23.255, P2, 2775 MHz, 10251 MHz, 54 %, 230.85 W, 0x0000000000000000
2026/09/28 13:59:23.366, P2, 2775 MHz, 10251 MHz, 54 %, 230.85 W, 0x0000000000000000
2026/09/28 13:59:23.476, P2, 2775 MHz, 10251 MHz, 55 %, 230.82 W, 0x0000000000000000
2026/09/28 13:59:23.585, P2, 2775 MHz, 10251 MHz, 55 %, 230.82 W, 0x0000000000000000
2026/09/28 13:59:23.695, P2, 2775 MHz, 10251 MHz, 55 %, 230.82 W, 0x0000000000000000
2026/09/28 13:59:23.806, P2, 2775 MHz, 10251 MHz, 55 %, 230.82 W, 0x0000000000000000
2026/09/28 13:59:23.919, P2, 2775 MHz, 10251 MHz, 55 %, 229.41 W, 0x0000000000000000
2026/09/28 13:59:24.028, P2, 2775 MHz, 10251 MHz, 55 %, 229.41 W, 0x0000000000000000
2026/09/28 13:59:24.138, P2, 2775 MHz, 10251 MHz, 55 %, 229.41 W, 0x0000000000000000
2026/09/28 13:59:24.250, P2, 2775 MHz, 10251 MHz, 55 %, 229.41 W, 0x0000000000000000
2026/09/28 13:59:24.359, P2, 2775 MHz, 10251 MHz, 55 %, 229.41 W, 0x0000000000000000
2026/09/28 13:59:24.469, P2, 2775 MHz, 10251 MHz, 53 %, 232.71 W, 0x0000000000000000
2026/09/28 13:59:24.579, P2, 2775 MHz, 10251 MHz, 53 %, 232.71 W, 0x0000000000000000
2026/09/28 13:59:24.689, P2, 2775 MHz, 10251 MHz, 53 %, 232.71 W, 0x0000000000000000
2026/09/28 13:59:24.800, P2, 2775 MHz, 10251 MHz, 53 %, 232.71 W, 0x0000000000000000
2026/09/28 13:59:24.910, P2, 2775 MHz, 10251 MHz, 57 %, 233.03 W, 0x0000000000000000
2026/09/28 13:59:25.020, P2, 2775 MHz, 10251 MHz, 57 %, 233.03 W, 0x0000000000000000
2026/09/28 13:59:25.131, P2, 2775 MHz, 10251 MHz, 57 %, 233.03 W, 0x0000000000000000
2026/09/28 13:59:25.241, P2, 2775 MHz, 10251 MHz, 57 %, 233.03 W, 0x0000000000000000
2026/09/28 13:59:25.350, P2, 2775 MHz, 10251 MHz, 57 %, 233.03 W, 0x0000000000000000
2026/09/28 13:59:25.460, P2, 2775 MHz, 10251 MHz, 53 %, 247.10 W, 0x0000000000000000
2026/09/28 13:59:25.570, P2, 2775 MHz, 10251 MHz, 53 %, 247.10 W, 0x0000000000000000
2026/09/28 13:59:25.679, P2, 2775 MHz, 10251 MHz, 53 %, 247.10 W, 0x0000000000000000
2026/09/28 13:59:25.788, P2, 2775 MHz, 10251 MHz, 53 %, 247.10 W, 0x0000000000000000
2026/09/28 13:59:25.900, P2, 2775 MHz, 10251 MHz, 53 %, 256.27 W, 0x0000000000000000
2026/09/28 13:59:26.009, P2, 2775 MHz, 10251 MHz, 53 %, 256.27 W, 0x0000000000000000
2026/09/28 13:59:26.119, P2, 2775 MHz, 10251 MHz, 53 %, 256.27 W, 0x0000000000000000
2026/09/28 13:59:26.231, P2, 2775 MHz, 10251 MHz, 53 %, 256.27 W, 0x0000000000000000
2026/09/28 13:59:26.339, P2, 2775 MHz, 10251 MHz, 53 %, 256.27 W, 0x0000000000000000
2026/09/28 13:59:26.449, P2, 2775 MHz, 10251 MHz, 54 %, 234.17 W, 0x0000000000000000
2026/09/28 13:59:26.560, P2, 2775 MHz, 10251 MHz, 54 %, 234.17 W, 0x0000000000000000
2026/09/28 13:59:26.671, P2, 2775 MHz, 10251 MHz, 54 %, 234.17 W, 0x0000000000000000
2026/09/28 13:59:26.783, P2, 2775 MHz, 10251 MHz, 54 %, 234.17 W, 0x0000000000000000
2026/09/28 13:59:26.891, P2, 2775 MHz, 10251 MHz, 54 %, 234.17 W, 0x0000000000000000
2026/09/28 13:59:27.002, P2, 2775 MHz, 10251 MHz, 49 %, 223.41 W, 0x0000000000000000
2026/09/28 13:59:27.114, P2, 2775 MHz, 10251 MHz, 49 %, 223.41 W, 0x0000000000000000
2026/09/28 13:59:27.222, P2, 2775 MHz, 10251 MHz, 49 %, 223.41 W, 0x0000000000000000
2026/09/28 13:59:27.332, P2, 2775 MHz, 10251 MHz, 49 %, 223.41 W, 0x0000000000000000
2026/09/28 13:59:27.444, P2, 2775 MHz, 10251 MHz, 53 %, 225.52 W, 0x0000000000000000
2026/09/28 13:59:27.552, P2, 2775 MHz, 10251 MHz, 53 %, 225.52 W, 0x0000000000000000
2026/09/28 13:59:27.662, P2, 2775 MHz, 10251 MHz, 53 %, 225.52 W, 0x0000000000000000
2026/09/28 13:59:27.771, P2, 2775 MHz, 10251 MHz, 53 %, 225.52 W, 0x0000000000000000
2026/09/28 13:59:27.881, P2, 2775 MHz, 10251 MHz, 53 %, 225.52 W, 0x0000000000000000
2026/09/28 13:59:27.991, P2, 2775 MHz, 10251 MHz, 53 %, 239.07 W, 0x0000000000000000
2026/09/28 13:59:28.103, P2, 2775 MHz, 10251 MHz, 53 %, 239.07 W, 0x0000000000000000
2026/09/28 13:59:28.213, P2, 2775 MHz, 10251 MHz, 53 %, 239.07 W, 0x0000000000000000
2026/09/28 13:59:28.325, P2, 2775 MHz, 10251 MHz, 53 %, 239.07 W, 0x0000000000000000
2026/09/28 13:59:28.436, P2, 2775 MHz, 10251 MHz, 53 %, 237.93 W, 0x0000000000000000
2026/09/28 13:59:28.544, P2, 2775 MHz, 10251 MHz, 53 %, 237.93 W, 0x0000000000000000
2026/09/28 13:59:28.655, P2, 2775 MHz, 10251 MHz, 53 %, 237.93 W, 0x0000000000000000
2026/09/28 13:59:28.766, P2, 2775 MHz, 10251 MHz, 53 %, 237.93 W, 0x0000000000000000
2026/09/28 13:59:28.874, P2, 2775 MHz, 10251 MHz, 53 %, 237.93 W, 0x0000000000000000
2026/09/28 13:59:28.985, P2, 2775 MHz, 10251 MHz, 56 %, 226.50 W, 0x0000000000000000
2026/09/28 13:59:29.095, P2, 2775 MHz, 10251 MHz, 56 %, 226.50 W, 0x0000000000000000
2026/09/28 13:59:29.206, P2, 2775 MHz, 10251 MHz, 56 %, 226.50 W, 0x0000000000000000
2026/09/28 13:59:29.314, P2, 2775 MHz, 10251 MHz, 56 %, 226.50 W, 0x0000000000000000
2026/09/28 13:59:29.424, P2, 2775 MHz, 10251 MHz, 0 %, 204.34 W, 0x0000000000000000
2026/09/28 13:59:29.533, P2, 2775 MHz, 10251 MHz, 0 %, 204.34 W, 0x0000000000000000
2026/09/28 13:59:29.644, P2, 2775 MHz, 10251 MHz, 0 %, 204.34 W, 0x0000000000000000
2026/09/28 13:59:29.756, P2, 2775 MHz, 10251 MHz, 0 %, 204.34 W, 0x0000000000000000
2026/09/28 13:59:29.864, P2, 2775 MHz, 10251 MHz, 0 %, 204.34 W, 0x0000000000000000
2026/09/28 13:59:29.974, P2, 2775 MHz, 10251 MHz, 0 %, 136.04 W, 0x0000000000000000
2026/09/28 13:59:30.083, P2, 2775 MHz, 10251 MHz, 0 %, 136.04 W, 0x0000000000000000
