tokens	launch_us	wait_us	device_us
136	120	3975	2856
136	121	4055	2755
136	113	5724	2747
136	125	5299	2749
136	120	5821	2745
136	121	5045	2749
136	121	5017	2748
136	123	5848	2747
136	124	5817	2749
136	121	5011	2746
136	127	9619	2753
136	142	5666	2749
136	125	5447	2748
136	131	5325	2752
136	126	5033	2750
136	127	5488	2750
136	124	5669	2744
136	114	4763	2744
136	129	4736	2751
136	118	5060	2747
136	111	8324	2743
136	127	2647	2748
136	123	6091	2746
136	121	5375	2745
136	126	2650	2750
136	124	5385	2749
136	122	5056	2748
136	112	4855	2744
136	114	2652	2745
136	123	8492	2743
136	117	4732	2744
136	106	5635	2738
136	121	6662	2748
136	122	5064	2746
136	124	2626	2725
136	128	2483	2584
136	116	3851	2582
136	112	6105	2582
136	120	4824	2584
136	119	2487	2582
136	106	3674	2578
136	105	4541	2577
136	116	4779	2585
136	125	7058	2591
136	124	2490	2589
136	106	2490	2578
136	119	2476	2577
136	105	2493	2580
136	120	2490	2591
136	127	2482	2583
136	122	5467	2585
136	121	5117	2582
136	119	5232	2585
136	113	5147	2579
136	121	4314	2581
136	137	2482	2595
136	121	3604	2594
136	108	2492	2580
136	113	3760	2581
136	125	4767	2578
136	121	5174	2594
136	122	2487	2585
136	123	4827	2592
136	117	5782	2584
136	120	2486	2582
136	117	3621	2580
136	110	2491	2581
136	115	2489	2582
136	113	4231	2581
136	115	5124	2582
136	123	5083	2581
136	116	4758	2582
136	110	4910	2579
136	123	5802	2584
136	122	5266	2591
136	116	2489	2583
136	69	2778	2574
136	118	5381	2579
136	133	6531	2585
136	118	5121	2582
136	117	4901	2582
136	116	2486	2580
136	121	2492	2594
136	113	3787	2582
136	113	5906	2579
136	111	2493	2583
136	120	3601	2595
136	114	7201	2581
136	126	2491	2595
136	105	3977	2573
136	122	4779	2577
136	112	4812	2575
136	120	5134	2585
136	121	5155	2584
136	115	4819	2576
136	114	4474	2582
136	119	6390	2585
136	125	2489	2593
136	124	3728	2591
136	121	4826	2582
136	126	4821	2591
136	115	4816	2586
136	106	5840	2576
136	126	4776	2590
136	116	4791	2584
136	108	5475	2577
136	120	4878	2582
136	122	4808	2580
136	117	2482	2577
136	124	3567	2593
136	115	4808	2581
136	110	5947	2579
136	121	4802	2581
136	111	5135	2578
136	125	5172	2584
136	116	5226	2580
136	120	2490	2586
136	69	2543	2595
136	60	2528	2575
136	57	2529	2575
136	55	2533	2577
136	55	2533	2576
136	67	2530	2585
136	67	2516	2572
136	56	2533	2577
136	56	2533	2576
136	54	2533	2576
136	55	2533	2576
136	56	5003	2575
136	122	4462	2578
136	123	2483	2580
136	121	4610	2592
136	81	4832	2578
136	119	4841	2595
136	122	2494	2590
136	118	2496	2589
136	113	4176	2589
136	143	5401	2598
136	154	2484	2600
136	118	3527	2585
136	119	4943	2585
136	117	4797	2583
136	116	5152	2579
136	117	4465	2587
136	124	2489	2588
136	105	5345	2581
136	120	4702	2589
136	117	5911	2583
136	113	4839	2582
136	122	2492	2594
136	121	3993	2594
136	127	5549	2587
136	115	4818	2585
136	108	5506	2580
136	120	2493	2588
136	105	3600	2585
136	113	4836	2583
136	126	5201	2602
136	116	2492	2588
136	107	5045	2579
136	115	4825	2585
136	117	5244	2594
136	113	2494	2585
136	122	2491	2588
136	121	3807	2599
136	110	4818	2581
136	108	4839	2581
136	117	4903	2587
136	122	4702	2587
136	118	2493	2588
136	114	3634	2583
136	115	4810	2584
136	116	5377	2583
136	116	2488	2583
136	117	4971	2593
136	108	4220	2581
136	123	4781	2590
136	120	6553	2594
136	120	4162	2586
136	125	4794	2598
136	107	5488	2580
136	120	5125	2589
136	124	5076	2588
136	107	5957	2580
136	122	4156	2586
136	105	6054	2581
136	121	4797	2584
136	120	4878	2584
136	117	5303	2587
136	120	2490	2587
136	103	2493	2579
136	103	2495	2580
136	103	2499	2585
136	104	2497	2582
136	117	2492	2590
136	103	2496	2581
136	105	2495	2581
136	104	2495	2581
136	110	2487	2578
136	105	2497	2583
136	104	2495	2580
136	104	2496	2582
136	103	2498	2583
136	104	2495	2582
136	106	2496	2583
136	103	2504	2589
136	104	2495	2580
136	105	2494	2580
136	104	2497	2582
136	124	2488	2593
136	105	2500	2586
136	103	2493	2578
136	115	2492	2588
136	105	2496	2582
136	104	2497	2583
136	115	2495	2593
136	119	2489	2591
136	103	2493	2578
136	107	2489	2579
136	104	2498	2583
136	103	2493	2578
136	104	2497	2582
136	104	2498	2584
136	104	2498	2583
136	104	2496	2582
136	103	2496	2581
136	104	2494	2580
136	102	2495	2580
136	109	2494	2585
136	104	2496	2583
136	102	2495	2579
136	103	2497	2582
136	103	2499	2584
136	102	2499	2583
136	102	2499	2583
136	102	2492	2577
136	102	2491	2576
136	106	2490	2578
136	102	2498	2583
136	103	2492	2577
136	107	2494	2582
136	107	2495	2583
136	103	2498	2584
136	102	2498	2582
136	102	2494	2578
136	101	2498	2582
136	103	2498	2583
136	109	2489	2580
136	101	2494	2578
136	102	2494	2579
136	102	2497	2582
136	103	2503	2588
136	104	2493	2579
136	102	2494	2579
136	102	2499	2583
136	107	2490	2580
136	102	2496	2580
136	103	2494	2579
136	102	2501	2585
136	102	2493	2577
136	101	2499	2582
136	103	2495	2581
136	102	2496	2581
136	100	2517	2594
136	61	2532	2579
136	56	2534	2579
136	67	2534	2590
136	56	2535	2578
136	57	2537	2582
136	69	2520	2577
136	69	2525	2582
136	69	2531	2589
136	55	2536	2579
136	62	2533	2583
136	54	4657	2591
136	124	4801	2592
136	127	2484	2586
136	134	5149	2603
136	128	2487	2590
136	114	2494	2585
136	70	5968	2574
136	113	5128	2586
136	132	3512	2591
136	125	5423	2588
136	120	4796	2585
136	122	5160	2598
136	122	2488	2586
136	123	3936	2595
136	114	5923	2579
136	140	5090	2602
136	120	5099	2589
136	117	3527	2585
136	116	4454	2585
136	118	5781	2585
136	120	4158	2606
136	123	5459	2597
136	116	4621	2585
136	114	2497	2589
136	125	2488	2587
136	120	3639	2596
136	142	3411	2592
136	109	4847	2584
136	124	5433	2596
136	113	5579	2581
136	117	4752	2584
136	120	4799	2590
136	113	5866	2587
136	116	5135	2586
136	121	6841	2584
136	126	4904	2599
136	120	4797	2581
136	127	5844	2601
136	117	4813	2588
136	123	4831	2595
136	124	5456	2602
136	73	4948	2594
136	124	6404	2586
136	114	4831	2586
136	113	4829	2582
136	127	5901	2592
136	119	5129	2586
136	121	5598	2584
136	121	4815	2585
136	125	4567	2596
136	134	2490	2600
136	2035	1206	3221
136	124	3423	2597
136	120	2490	2586
136	114	3033	2584
136	120	5518	2600
136	120	4811	2584
136	117	2494	2589
136	121	4728	2596
136	125	5099	2586
136	122	4810	2586
136	126	4501	2596
136	121	5428	2588
136	118	4814	2588
136	121	4879	2587
136	122	4858	2587
136	122	6501	2591
136	122	4851	2586
136	69	4812	2578
136	112	5828	2582
136	114	4170	2585
136	74	4513	2578
136	118	6110	2585
136	117	4480	2585
136	117	3828	2585
136	115	2491	2583
136	115	3630	2581
136	122	4603	2597
136	112	2493	2583
136	119	4886	2584
136	121	4784	2588
136	121	6320	2590
136	125	2490	2595
136	105	3568	2581
136	123	5896	2586
136	115	4175	2586
136	107	4504	2581
136	121	5757	2586
136	117	3865	2584
136	106	5496	2586
136	125	2486	2586
136	121	3688	2595
136	123	5374	2584
136	117	5276	2585
136	122	4781	2587
136	107	4506	2582
136	117	5791	2584
136	119	4622	2589
136	112	2506	2584
136	131	2484	2596
136	116	3804	2587
136	107	4856	2586
136	115	5209	2586
136	111	4911	2579
136	116	2494	2588
136	132	4880	2586
136	122	4181	2595
136	120	4793	2588
136	124	5438	2595
136	138	2489	2586
136	106	3600	2578
136	124	5946	2590
136	126	4132	2591
136	105	5303	2579
136	116	2492	2586
136	124	4880	2588
136	124	4662	2589
136	137	4756	2592
136	126	4819	2598
136	116	2491	2584
136	114	3776	2584
136	113	4679	2591
136	144	2461	2584
136	103	3420	2580
136	124	5092	2587
136	123	4508	2597
136	122	5135	2593
136	125	4816	2599
136	116	4192	2586
136	123	5537	2590
136	120	4660	2585
136	118	4504	2588
136	119	5107	2584
136	123	4796	2597
136	114	4200	2583
136	116	5442	2584
136	116	4807	2582
136	126	4503	2595
136	119	5229	2585
136	117	5146	2585
136	131	4298	2600
136	120	5913	2588
136	118	4791	2587
136	106	5478	2584
136	121	4780	2591
136	115	4821	2584
136	115	5943	2583
136	113	4729	2585
136	111	4193	2583
136	119	5480	2582
136	119	5062	2585
136	119	4478	2586
136	117	5534	2583
136	136	4771	2603
136	115	4810	2587
136	114	4819	2584
136	106	4784	2583
136	122	5174	2589
136	106	5488	2581
136	117	4806	2587
136	119	5425	2585
136	123	5240	2589
136	116	4463	2583
136	117	5148	2588
136	111	4443	2585
136	123	4738	2601
136	123	2487	2586
136	112	3725	2584
136	113	4874	2586
136	115	6089	2592
136	124	4781	2594
136	123	4515	2595
136	122	2490	2587
136	104	3051	2582
136	121	4830	2595
136	107	4858	2588
136	116	4490	2588
136	117	4755	2588
136	122	4703	2584
136	120	4891	2595
136	117	4807	2584
136	120	5834	2584
136	119	4075	2588
136	122	2489	2586
136	120	5036	2587
136	114	2492	2584
136	116	3518	2585
136	120	6543	2590
136	129	4807	2600
136	114	4955	2585
136	120	6410	2586
136	121	4175	2585
136	117	5140	2583
136	120	4791	2587
136	121	4508	2595
136	117	7320	2588
136	122	4741	2588
136	119	4801	2584
136	114	5270	2583
136	116	2488	2582
136	120	5231	2588
136	127	4893	2588
136	117	4800	2587
136	117	5844	2582
136	121	5129	2587
136	119	4789	2590
136	128	5585	2600
136	128	5444	2591
136	118	5416	2583
136	120	4866	2587
136	117	4876	2583
136	134	5772	2605
136	111	5413	2582
136	107	4847	2581
136	108	4854	2581
136	122	4220	2593
136	123	4795	2586
136	133	2492	2601
136	121	2676	2595
136	121	4711	2587
136	123	4785	2588
136	114	4829	2586
136	121	2489	2586
136	123	3591	2595
136	112	5954	2587
136	122	5097	2584
136	123	4797	2591
136	125	5133	2595
136	116	4824	2587
136	115	4671	2582
136	121	2488	2585
136	118	4303	2585
136	119	6071	2588
136	128	2479	2584
136	107	3717	2583
136	119	4818	2585
136	125	2503	2607
136	105	3392	2580
136	119	5126	2585
136	117	5946	2585
136	121	5422	2586
136	117	4831	2585
136	105	4994	2581
136	116	5174	2588
136	126	4802	2588
136	123	4828	2597
136	124	5473	2597
136	120	5443	2589
136	117	4186	2586
136	121	4809	2587
136	107	5951	2583
136	128	4795	2598
136	116	2491	2584
136	118	4333	2582
136	116	4836	2587
136	113	4845	2584
136	114	2493	2586
136	104	4822	2582
136	121	5344	2589
136	120	2491	2588
136	122	3573	2597
136	121	4470	2587
136	112	4774	2583
136	127	4501	2596
136	122	4787	2587
136	132	5383	2585
136	121	4799	2588
136	125	4826	2599
136	133	2487	2596
136	120	3651	2596
136	116	4324	2585
136	120	5494	2587
136	126	4870	2598
136	123	5217	2588
136	117	2490	2584
136	109	5016	2583
136	126	6430	2597
136	129	4795	2587
136	126	4792	2587
136	119	2490	2586
136	123	3677	2596
136	114	4819	2587
136	113	4527	2584
136	128	5129	2582
136	116	2489	2583
136	115	3700	2583
136	108	5335	2581
136	129	4433	2583
136	118	4812	2587
136	129	5796	2597
136	123	3829	2588
136	119	4792	2584
136	125	2493	2597
136	123	4668	2597
136	118	4164	2587
136	118	2491	2587
136	123	5346	2588
136	116	4746	2588
136	119	4831	2585
136	123	4800	2588
136	123	5937	2598
136	124	5123	2591
136	117	2491	2586
136	123	3661	2598
136	118	5127	2584
136	115	4519	2586
136	112	4513	2585
136	122	2489	2586
136	125	3643	2596
136	119	4812	2586
136	125	5455	2595
136	117	4795	2584
136	117	2493	2587
136	106	3653	2580
136	123	2492	2595
136	104	3741	2585
136	116	5279	2584
136	115	2491	2584
136	118	4946	2588
136	125	5143	2593
136	124	2491	2589
136	116	3333	2588
136	117	2488	2582
136	120	3569	2587
136	113	5958	2582
136	122	4137	2585
136	121	5468	2593
136	121	4796	2583
136	108	4836	2587
136	126	5926	2596
136	128	2491	2596
136	116	3680	2583
136	113	5465	2587
136	118	2492	2587
136	111	3689	2584
136	106	4861	2583
136	126	5453	2583
136	121	4805	2588
136	119	4823	2582
136	121	5905	2581
136	116	5260	2592
136	120	2490	2585
136	122	4903	2585
136	121	4819	2597
136	118	6143	2593
136	124	4482	2588
136	120	4429	2581
136	122	5490	2589
136	117	4828	2586
136	112	4839	2585
136	129	4951	2596
136	129	2480	2585
136	106	5689	2580
136	137	4707	2601
136	123	4800	2589
136	114	4836	2584
136	140	2494	2611
136	122	3650	2594
136	121	6206	2589
136	123	4791	2589
136	113	4833	2583
136	115	4909	2583
136	121	4786	2588
136	118	4801	2588
136	127	4848	2587
136	120	4666	2588
136	112	2492	2583
136	124	5110	2598
136	125	4822	2597
136	119	4808	2586
136	115	5777	2583
136	127	5837	2589
136	116	8378	2584
136	135	4651	2600
136	119	4794	2587
136	106	5334	2580
136	121	4464	2581
136	124	6099	2593
136	115	4513	2587
136	121	4321	2585
136	131	2481	2588
136	107	4157	2585
136	122	4304	2597
136	121	2487	2584
136	112	4937	2584
136	116	4823	2582
136	110	5937	2583
136	120	4817	2584
136	114	5148	2584
136	122	2490	2588
136	112	3642	2586
136	118	5135	2588
136	124	2496	2600
136	124	3820	2600
136	118	2492	2587
136	120	3490	2597
136	106	2496	2583
136	4056	5001	6035
136	110	4849	2581
136	133	5919	2598
136	120	3821	2591
136	122	4788	2590
136	116	5161	2591
136	121	4800	2589
136	111	5470	2588
136	124	5117	2585
136	122	5089	2587
136	114	5902	2590
136	117	3836	2589
136	126	2488	2590
136	124	5580	2588
136	122	4773	2596
136	119	4742	2586
136	120	5911	2591
136	136	4770	2605
136	115	5451	2585
136	123	4782	2590
136	119	4825	2585
136	118	2492	2586
136	122	3812	2601
136	118	5140	2587
136	122	4793	2588
136	114	5476	2606
136	127	4812	2598
136	120	5915	2592
136	130	4322	2595
136	116	4805	2587
136	109	5948	2584
136	139	4759	2604
136	114	4825	2589
136	117	3819	2580
136	117	4769	2585
136	122	4763	2589
136	107	5871	2583
136	123	4181	2597
136	112	4492	2585
136	117	5148	2585
136	118	4800	2585
136	124	7562	2595
136	125	2488	2587
136	122	2495	2598
136	107	2494	2582
136	122	2492	2595
136	107	2493	2581
136	120	2496	2597
136	109	2491	2581
136	105	2495	2582
136	107	2499	2587
136	107	2495	2583
136	106	2490	2578
136	108	2493	2581
136	111	2489	2582
136	106	2496	2583
136	120	2493	2595
136	104	2495	2582
136	105	2495	2581
136	104	2494	2580
136	105	2496	2582
136	104	2495	2581
136	104	2495	2581
136	105	2498	2584
136	105	2495	2581
136	123	2477	2583
136	104	2499	2584
136	126	5097	2592
136	117	2493	2586
136	111	3784	2584
136	121	5179	2587
136	116	4804	2588
136	126	4833	2600
136	117	2488	2582
136	107	4346	2581
136	121	4822	2584
136	116	5599	2587
136	127	2484	2585
136	122	3659	2596
136	106	4863	2577
136	115	5171	2584
136	127	6034	2587
136	121	4949	2588
136	126	4694	2597
136	125	4831	2594
136	116	2491	2585
136	112	4762	2588
136	137	4781	2592
136	135	4795	2602
136	112	5271	2585
136	120	5449	2588
136	115	6162	2585
136	123	5211	2597
136	121	5439	2586
136	123	5246	2592
136	131	2489	2597
136	119	6396	2588
136	117	5288	2589
136	115	2489	2583
136	123	5318	2590
136	118	5838	2585
136	115	5162	2583
136	118	5104	2585
136	112	6256	2582
136	122	4816	2597
136	115	4672	2585
136	123	7127	2593
136	120	4789	2584
136	112	4833	2583
136	115	5807	2582
136	118	4778	2592
136	123	5461	2596
136	122	2486	2584
136	114	3741	2583
136	124	4851	2586
136	122	4747	2587
136	117	5139	2585
136	125	6205	2587
136	122	4853	2585
136	123	5142	2587
136	121	4298	2587
136	122	4938	2587
136	116	2492	2586
136	114	3559	2583
136	131	2493	2589
136	105	3388	2583
136	120	5100	2587
136	123	5933	2595
136	123	4775	2586
136	124	4183	2595
136	111	3726	2585
136	136	4778	2599
136	115	5316	2584
136	135	2488	2601
136	113	2493	2584
136	123	5061	2590
136	115	5219	2585
136	122	4790	2587
136	114	4748	2585
136	122	2486	2584
136	106	3694	2581
136	114	4941	2584
136	115	2489	2582
136	114	3730	2581
136	123	4804	2586
136	117	5154	2587
136	118	4821	2583
136	120	5035	2584
136	131	7218	2586
136	125	2488	2587
136	70	2535	2588
136	59	2536	2582
136	58	2532	2578
136	58	2535	2581
136	66	2542	2596
136	67	2538	2593
136	69	2550	2595
136	53	2536	2578
136	56	2535	2579
136	56	2539	2583
136	53	2542	2585
136	54	3599	2577
136	121	4735	2583
136	123	4938	2587
136	132	4782	2598
136	113	6140	2583
136	134	4482	2585
136	123	4803	2587
136	115	5217	2586
136	124	5029	2587
136	121	4812	2583
136	113	5310	2585
136	120	2491	2588
136	120	3300	2598
136	116	6434	2593
136	128	2492	2599
136	121	3376	2597
136	111	4511	2583
136	121	5571	2587
136	134	4728	2603
136	120	4782	2586
136	127	4810	2599
136	123	4745	2614
136	120	4487	2586
136	118	4771	2586
136	109	4523	2584
136	122	5530	2587
136	116	5163	2589
136	117	4464	2582
136	123	5744	2587
136	140	4764	2588
136	116	5133	2596
136	123	2489	2588
136	123	3290	2592
136	123	4793	2590
136	113	5434	2580
136	123	4757	2588
136	112	2491	2581
136	105	3475	2581
136	121	2491	2588
136	117	4934	2589
136	120	5836	2584
136	117	4810	2585
136	109	4838	2584
136	123	5454	2596
136	121	4801	2592
136	133	4856	2584
136	120	4723	2589
136	116	4813	2583
136	108	4837	2586
136	122	2495	2597
136	107	3588	2582
136	115	4827	2583
136	105	5969	2592
136	122	4771	2584
136	116	4815	2582
136	109	5947	2585
136	120	4778	2586
136	112	4468	2585
136	141	2481	2598
136	3612	28	3621
136	107	4948	2582
136	119	2490	2586
136	3617	894	4491
136	115	3577	2592
136	120	4800	2586
136	130	4372	2586
136	126	4916	2598
136	120	5114	2587
136	122	5259	2585
136	120	5149	2587
136	116	5507	2584
136	118	2491	2586
136	106	3921	2583
136	120	4798	2587
136	115	5259	2593
136	135	4797	2590
136	113	6071	2584
136	135	5112	2599
136	113	4514	2587
136	112	4520	2586
136	123	5395	2590
136	113	4913	2584
136	115	6133	2604
136	127	4804	2595
136	115	5615	2582
136	121	4819	2589
136	125	4491	2598
136	121	6094	2586
136	115	5121	2588
136	117	4496	2583
136	126	6187	2597
136	122	4809	2587
136	106	4861	2580
136	125	4195	2597
136	115	5468	2585
136	116	2492	2585
136	128	4395	2596
136	112	4876	2596
136	138	4776	2587
136	80	4847	2580
136	116	4530	2585
136	119	4363	2587
136	124	2490	2588
136	107	3655	2583
136	106	4830	2581
136	114	5441	2581
136	126	4939	2591
136	128	5690	2597
136	121	5445	2584
136	117	2490	2584
136	115	3672	2585
136	127	2486	2588
136	122	5018	2597
136	124	4808	2589
136	115	2492	2585
136	115	5809	2588
136	113	4754	2582
136	137	5784	2597
136	118	4265	2586
136	117	5454	2586
136	121	4770	2591
136	125	4814	2596
136	127	4823	2595
136	125	5548	2596
136	118	4738	2586
136	126	2487	2588
136	123	3725	2598
136	116	2496	2589
136	104	3262	2581
136	122	4822	2582
136	130	2478	2585
136	126	3361	2594
136	119	2490	2586
136	104	3073	2583
136	117	5364	2586
136	122	4899	2588
136	124	4693	2592
136	110	5265	2584
136	121	4806	2585
136	118	4500	2582
136	121	6889	2587
136	130	5099	2598
136	116	4895	2584
136	133	4787	2588
136	124	4874	2593
136	122	4787	2585
136	115	4767	2586
136	116	4878	2587
136	131	5777	2596
136	125	5418	2586
136	137	4844	2602
136	117	5852	2588
136	119	4797	2583
136	124	4708	2599
136	121	5674	2586
136	123	4686	2597
136	118	5940	2587
136	120	5127	2586
136	126	5104	2589
136	112	6339	2585
136	121	2490	2587
136	107	4009	2582
136	121	2490	2586
136	105	4605	2582
136	120	3940	2591
136	115	2493	2586
136	122	2490	2588
136	116	5051	2586
136	118	5859	2589
136	119	5135	2589
136	121	4808	2589
136	124	5132	2603
136	125	4516	2597
136	115	6229	2584
136	138	5115	2598
136	114	5132	2585
136	133	5386	2603
136	120	2488	2584
136	117	5963	2584
136	132	5419	2650
136	119	4768	2590
136	116	5742	2586
136	122	4917	2586
136	120	5438	2593
136	134	2491	2601
136	120	3029	2593
136	116	4820	2588
136	114	5652	2588
136	116	5056	2585
136	134	2490	2600
136	3559	412	3952
136	140	4379	2597
136	120	4692	2585
136	119	5855	2589
136	119	4803	2588
136	107	4857	2581
136	117	5555	2586
136	132	4801	2595
136	112	4836	2582
136	125	5812	2598
136	119	4714	2590
136	121	5538	2590
136	79	4982	2579
136	118	4680	2586
136	111	6789	2585
136	117	4820	2582
136	129	4804	2598
136	105	5779	2583
136	122	4699	2587
136	121	4805	2587
136	125	4287	2599
136	123	5319	2585
136	118	2486	2581
136	124	3778	2594
136	118	4691	2586
136	116	4028	2585
136	118	5736	2582
136	120	4793	2588
136	110	4737	2581
136	124	5500	2587
136	133	4152	2600
136	124	4809	2590
136	128	5642	2597
136	118	4748	2586
136	112	5147	2587
136	121	5442	2590
136	122	5034	2583
136	145	5633	2600
136	120	2496	2592
136	120	3677	2595
136	124	4556	2596
136	122	4728	2589
136	120	4816	2592
136	117	2491	2585
136	105	3747	2584
136	116	4805	2583
136	115	4835	2586
136	125	5747	2599
136	121	4788	2584
136	118	5485	2582
136	115	2492	2586
136	123	2968	2597
136	119	4705	2587
136	118	5592	2588
136	120	4109	2584
136	113	4823	2586
136	122	5603	2598
136	123	4795	2587
136	119	2490	2586
136	3724	4	3705
136	126	4796	2595
136	123	4873	2590
136	114	6189	2586
136	118	2492	2587
136	128	4952	2584
136	116	5458	2587
136	135	2488	2598
136	123	3604	2606
136	113	5368	2583
136	115	2492	2584
136	75	5581	2586
136	121	3526	2587
136	120	4510	2584
136	116	4703	2583
136	135	4891	2602
136	119	4732	2597
136	122	4864	2589
136	123	6347	2586
136	114	4908	2589
136	128	4835	2590
136	118	4871	2584
136	118	5094	2586
136	118	5343	2588
136	123	4783	2585
136	120	4931	2591
136	129	5559	2586
136	120	4749	2587
136	125	4841	2586
136	126	5799	2596
136	118	4819	2583
136	122	5588	2599
136	121	4772	2584
136	119	4731	2583
136	121	2492	2588
136	121	3727	2594
136	118	4866	2588
136	125	9820	2590
136	123	4814	2582
136	124	4896	2584
136	118	5210	2595
136	119	4546	2588
136	120	4723	2586
136	119	4879	2590
136	124	4826	2598
136	130	6419	2585
136	120	4864	2588
136	120	4807	2586
136	127	5699	2595
136	118	4917	2587
136	121	4784	2590
136	129	4810	2597
136	126	5274	2597
136	121	2492	2589
136	138	4940	2600
136	121	5072	2587
136	127	5320	2588
136	135	4884	2595
136	120	5423	2591
136	121	2494	2590
136	106	3000	2582
136	118	4702	2583
136	128	5673	2596
136	133	4735	2590
136	121	4908	2588
136	146	2475	2598
136	121	3599	2595
136	121	4820	2596
136	113	5623	2585
136	123	2492	2590
136	118	5172	2585
136	133	2488	2598
136	124	3353	2595
136	118	4736	2585
136	114	8647	2585
136	119	5233	2589
136	110	5926	2589
136	126	5654	2591
136	123	4793	2593
136	111	5657	2596
136	126	4795	2592
136	117	4853	2590
136	115	2497	2589
136	111	3536	2587
136	107	4923	2589
136	115	2510	2602
136	117	4543	2588
136	178	4097	2653
136	114	5210	2594
136	116	2497	2592
136	107	3640	2588
136	114	5065	2591
136	162	2520	2644
136	162	3079	2640
136	113	5278	2595
136	171	2518	2648
136	164	4427	2672
136	127	4548	2591
136	118	4164	2602
136	141	5619	2601
136	119	4622	2588
136	79	4862	2598
136	130	5900	2599
136	150	4754	2597
136	108	4798	2587
136	108	2495	2583
136	107	3508	2581
136	121	4815	2587
136	111	5833	2583
136	121	4651	2590
136	118	3959	2588
136	143	4120	2598
136	120	4610	2591
136	121	2491	2588
136	106	3050	2580
136	123	2492	2591
136	116	3680	2595
136	106	4859	2584
136	141	5417	2598
136	122	4214	2585
136	127	2493	2598
136	112	3012	2582
136	115	5470	2586
136	119	5445	2585
136	117	4192	2584
136	117	5911	2588
136	110	4985	2586
136	124	6024	2588
136	120	4672	2588
136	118	4185	2587
136	120	5641	2587
136	120	5496	2587
136	120	4391	2586
136	141	2477	2597
136	133	3682	2606
136	106	5274	2584
136	117	5856	2584
136	118	4738	2585
136	116	4681	2586
136	121	5692	2587
136	120	4814	2586
136	127	4123	2598
136	116	5089	2587
136	119	4541	2587
136	137	5022	2591
136	125	2496	2599
136	106	3696	2582
136	126	4835	2584
136	110	6259	2584
136	120	4878	2588
136	119	5018	2589
136	123	5247	2594
136	124	2492	2595
136	117	3927	2589
136	121	5598	2593
136	122	4676	2586
136	120	5568	2589
136	121	5023	2589
136	118	4802	2584
136	111	5445	2584
136	124	4773	2588
136	117	4815	2587
136	139	4802	2602
136	114	4827	2587
136	107	4851	2584
136	107	5055	2581
136	121	4823	2586
136	118	2493	2588
136	107	3610	2582
136	119	2492	2588
136	107	3678	2581
136	119	4811	2586
136	118	5172	2594
136	128	5176	2588
136	117	4807	2590
136	129	5867	2596
136	140	4835	2600
136	121	4673	2586
136	116	5008	2586
136	122	4806	2592
136	117	6308	2586
136	125	4816	2596
136	110	4093	2585
136	121	5556	2582
136	121	5080	2586
136	119	4685	2583
136	135	5404	2598
136	130	4802	2599
136	142	2479	2598
136	108	4740	2587
136	118	4737	2583
136	122	4511	2591
136	125	6703	2587
136	128	4941	2599
136	120	4373	2598
136	126	2487	2588
136	128	4140	2610
136	125	6271	2602
136	118	4808	2590
136	124	4191	2605
136	119	4169	2587
136	142	7610	2588
136	117	4783	2587
136	120	2493	2590
136	3604	38	3624
136	108	5251	2581
136	121	2492	2589
136	116	4409	2586
136	130	2484	2590
136	108	4956	2581
136	110	2704	2581
136	115	4551	2598
136	124	4788	2591
136	107	4841	2582
136	123	5046	2582
136	109	5235	2583
136	116	2494	2588
136	126	4890	2593
136	129	4718	2597
136	130	2490	2596
136	106	3492	2591
136	121	4678	2586
136	123	4063	2598
136	122	4568	2586
136	112	5050	2615
136	122	5816	2586
136	126	4831	2612
136	115	4688	2584
136	121	5255	2589
136	116	2491	2583
136	118	4934	2586
136	140	4836	2599
136	122	4807	2586
136	137	5659	2612
136	122	5432	2588
136	123	3961	2586
136	126	2487	2589
136	113	4152	2616
136	133	5416	2599
136	122	2488	2586
136	135	5395	2597
136	126	2494	2598
136	122	3619	2595
136	106	5302	2582
136	119	4737	2592
136	133	5296	2599
136	141	4783	2600
136	125	5056	2599
136	130	6300	2598
136	121	2492	2589
136	127	5784	2589
136	131	4755	2587
136	131	5208	2583
136	118	2490	2584
136	107	3525	2583
136	112	4959	2587
136	116	2491	2585
136	118	5822	2599
136	121	4762	2592
136	110	4321	2584
136	107	5590	2585
136	120	2491	2588
136	108	3043	2584
136	118	4812	2589
136	126	4820	2598
136	122	4811	2588
136	108	5267	2582
136	118	5048	2596
136	140	4818	2602
136	139	2480	2598
136	105	2489	2575
136	125	5308	2599
136	118	4692	2585
136	122	5647	2587
136	114	4193	2584
136	118	4590	2590
136	81	4943	2593
136	124	4646	2588
136	149	2472	2597
136	2993	4928	5456
136	121	2488	2585
136	117	2491	2583
136	123	4430	2590
136	127	2492	2597
136	119	3795	2594
136	119	5150	2582
136	119	5239	2584
136	118	4666	2588
136	121	5979	2588
136	120	4689	2589
136	135	4786	2599
136	107	4800	2581
136	124	2488	2588
136	117	3613	2596
136	127	2485	2593
136	106	2496	2583
136	106	3717	2582
136	122	5437	2586
136	115	2487	2580
136	123	3647	2597
136	112	4981	2584
136	136	6649	2602
136	150	4888	2597
136	120	5527	2587
136	124	2490	2590
136	123	4283	2595
136	130	2492	2599
136	103	3687	2581
136	110	2494	2584
136	138	3883	2597
136	127	4862	2593
136	117	4925	2582
136	129	5348	2591
136	122	2489	2586
136	123	2489	2585
136	122	4826	2588
136	107	5751	2582
136	125	5409	2586
136	135	3915	2600
136	122	6208	2588
136	126	5335	2581
136	115	5603	2587
136	135	2488	2598
136	116	3599	2598
136	123	4826	2601
136	107	5191	2584
136	123	4779	2592
136	108	5267	2583
136	126	4294	2592
136	83	4835	2601
136	121	7057	2588
136	142	4366	2599
136	123	4588	2599
136	122	6273	2583
136	140	2490	2605
136	106	3431	2580
136	122	2493	2590
136	128	2491	2592
136	107	2494	2582
136	119	2498	2598
136	118	2497	2595
136	106	2495	2582
136	107	2492	2579
136	123	2496	2598
136	118	2495	2594
136	107	2507	2595
136	110	2496	2587
136	105	2517	2604
136	105	2495	2582
136	112	2488	2582
136	106	2493	2581
136	105	2496	2583
136	104	2500	2585
136	107	2496	2583
136	106	2497	2584
136	104	2494	2580
136	106	2498	2584
136	106	2495	2583
136	104	2499	2584
136	103	2501	2586
136	104	2494	2579
136	103	2498	2582
136	104	2497	2582
136	105	2496	2582
136	103	2495	2580
136	104	2499	2585
136	103	2497	2582
136	103	2496	2581
136	102	2505	2590
136	101	2521	2604
136	103	2498	2583
136	107	2497	2582
136	103	2497	2582
136	103	2494	2580
136	102	2496	2581
136	132	4892	2594
136	109	5581	2583
136	125	4018	2591
136	115	5257	2582
136	144	2483	2602
136	118	4657	2585
136	118	4383	2589
136	119	4691	2588
136	133	4709	2605
136	121	2490	2586
136	3957	3	3940
136	109	4636	2586
136	123	2487	2585
136	109	3628	2580
136	120	2490	2586
136	117	3810	2600
136	131	4793	2589
136	131	6339	2590
136	150	4694	2599
136	122	4723	2594
136	129	4862	2596
136	109	4639	2584
136	126	3673	2593
136	126	6316	2600
136	114	4588	2588
136	135	4775	2589
136	110	5060	2583
136	117	2490	2584
136	103	3570	2579
136	134	5534	2595
136	111	4361	2585
136	125	2487	2587
136	132	4966	2601
136	140	4676	2596
136	109	6196	2586
136	119	4779	2587
136	109	5094	2583
136	116	5042	2588
136	125	2492	2594
136	122	2488	2585
136	122	4327	2591
136	113	4609	2586
136	126	4764	2591
136	116	5157	2585
136	123	5243	2587
136	107	3477	2585
136	118	4718	2588
136	128	2495	2600
136	2996	5857	5468
136	125	4053	2596
136	118	4553	2585
136	118	5632	2587
136	357	2290	2623
136	122	2490	2593
136	106	2491	2579
136	106	2501	2589
136	108	2495	2584
136	108	2492	2580
136	105	2497	2583
136	106	2494	2581
136	104	2492	2578
136	105	2500	2585
136	114	2487	2582
136	105	2496	2584
136	103	2494	2579
136	117	2481	2580
136	104	2495	2580
136	107	2494	2582
136	104	2499	2581
136	104	2497	2582
136	104	2492	2577
136	103	2494	2579
136	105	2497	2583
136	108	2494	2584
136	115	2492	2585
136	123	2495	2598
136	105	2496	2582
136	105	2494	2580
136	102	2495	2580
136	103	2494	2580
136	103	2497	2582
136	104	2495	2581
136	108	2494	2583
136	103	2496	2582
136	110	2498	2590
136	103	2496	2581
136	102	2498	2582
136	102	2502	2586
136	103	2499	2585
136	101	2500	2584
136	102	2496	2581
136	101	2493	2577
136	103	2494	2580
136	103	2500	2584
136	104	2495	2579
136	102	2494	2578
136	102	2492	2576
136	103	2498	2583
136	102	2500	2583
136	101	2497	2580
136	103	2495	2580
136	164	2435	2581
136	104	2511	2596
136	109	2490	2581
136	103	2497	2582
136	102	2492	2576
136	102	2501	2585
136	115	2484	2582
136	102	2496	2581
136	103	2500	2585
136	116	2484	2582
136	109	2493	2584
136	103	2499	2582
136	105	2498	2584
136	103	2496	2581
136	102	2498	2583
136	103	2493	2579
136	101	2498	2582
136	102	2498	2583
136	105	2494	2582
136	103	2499	2584
136	117	2484	2583
136	102	2499	2583
136	106	2495	2583
136	102	2497	2582
136	103	2497	2582
136	102	2498	2583
136	102	2499	2583
136	102	2503	2587
136	105	2496	2584
136	93	4837	2598
136	120	4370	2586
136	126	4450	2598
136	125	5022	2590
136	124	4636	2587
136	117	5666	2585
136	122	4552	2587
136	118	4803	2595
136	123	5022	2587
136	110	4593	2597
136	129	4779	2597
136	107	5568	2589
136	122	4911	2585
136	126	3928	2600
136	119	2491	2586
136	105	3648	2579
136	105	4861	2583
136	117	5973	2580
136	120	2493	2589
136	3604	4449	2585
136	125	2490	2595
136	3236	5	3219
136	125	4724	2596
136	107	4739	2582
136	126	4568	2597
136	121	4796	2588
136	118	4954	2583
136	122	4694	2597
136	108	4669	2582
136	118	5681	2590
136	112	4431	2585
136	121	4699	2585
136	115	5318	2586
136	128	4811	2599
136	118	4784	2595
136	113	5070	2583
136	121	4537	2589
136	105	4857	2580
136	107	4853	2585
136	109	4855	2584
136	117	5059	2591
136	140	2485	2602
136	107	3428	2584
136	141	4299	2595
136	125	6145	2591
136	119	4172	2584
136	117	4576	2587
136	122	5926	2595
136	121	4661	2585
136	114	4805	2587
136	128	4586	2595
136	124	5007	2584
136	118	4057	2582
136	115	4815	2585
136	105	4627	2588
136	125	4820	2597
136	134	5634	2598
136	131	3902	2589
136	123	5808	2594
136	110	4928	2587
136	118	4804	2594
136	111	5407	2590
136	126	2487	2589
136	116	4859	2585
136	106	2498	2585
136	124	5186	2596
136	108	4215	2583
136	119	5892	2586
136	125	4710	2598
136	120	4818	2597
136	118	5548	2585
136	132	4543	2599
136	123	4825	2586
136	128	2490	2595
136	105	3610	2585
136	121	5017	2593
136	124	5715	2600
136	118	4896	2589
136	108	4604	2582
136	124	2489	2588
136	125	3645	2594
136	127	4799	2596
136	125	5144	2598
136	85	2515	2579
136	73	3451	2589
136	139	4921	2596
136	118	3699	2589
136	118	5662	2584
136	138	4909	2586
136	143	2477	2597
136	108	3683	2581
136	125	5075	2598
136	123	6138	2585
136	118	5057	2590
136	127	4783	2599
136	136	3672	2596
136	112	4864	2585
136	126	5004	2595
136	124	2489	2588
136	107	3666	2582
136	123	5449	2595
136	119	5703	2585
136	119	4768	2587
136	119	5036	2590
136	128	2490	2595
136	122	3401	2596
136	128	5081	2599
136	120	2489	2586
136	4724	5116	7182
136	122	4680	2597
136	114	5578	2585
136	121	4783	2585
136	119	4398	2584
136	119	4691	2583
136	132	4651	2587
136	130	4786	2597
136	113	5073	2590
136	118	4809	2587
136	140	4694	2595
136	122	5311	2600
136	120	4799	2582
136	106	5859	2582
136	128	4627	2598
136	147	4757	2602
136	124	6690	2598
136	116	4813	2583
136	126	5566	2596
136	123	4359	2586
136	135	4692	2602
136	120	5528	2584
136	122	4558	2588
136	114	4804	2587
136	124	5647	2586
136	135	4162	2599
136	129	4348	2598
136	125	6018	2594
136	118	4245	2584
136	117	2493	2587
136	109	2496	2585
136	107	3578	2581
136	127	4657	2596
136	122	5293	2597
136	143	5153	2606
136	120	4789	2599
136	108	5967	2588
136	127	4674	2604
136	128	4681	2599
136	108	2495	2583
136	106	3586	2583
136	126	4935	2593
136	123	3954	2596
136	108	4813	2582
136	107	4453	2580
136	123	5434	2591
136	116	2489	2584
136	116	4249	2604
136	120	4796	2587
136	124	4967	2596
136	130	4926	2589
136	120	5434	2590
136	141	4400	2599
136	119	4715	2588
136	121	6158	2588
136	116	2506	2599
136	104	3083	2585
136	132	2479	2588
136	106	4672	2579
136	109	4943	2584
136	114	4726	2583
136	125	6317	2596
136	136	5017	2587
136	119	4676	2590
136	122	5050	2595
136	115	4809	2590
136	108	6092	2587
136	122	4933	2589
136	117	4806	2598
136	127	5746	2598
136	118	5425	2584
136	128	6673	2587
136	127	2493	2598
136	123	2683	2598
136	122	4389	2585
136	110	5240	2582
136	142	4726	2599
136	119	4860	2589
136	115	5684	2585
136	121	5306	2587
136	116	2491	2584
136	105	2499	2584
136	123	4019	2587
136	121	4776	2589
136	129	5440	2595
136	129	4393	2600
136	112	5210	2587
136	125	5801	2589
136	116	4747	2587
136	113	4907	2584
136	119	4787	2586
136	126	4814	2594
136	116	5047	2587
136	122	4713	2589
136	119	4899	2587
136	106	5483	2583
136	117	5690	2588
136	123	4799	2591
136	117	5454	2586
136	139	4781	2602
136	115	4819	2588
136	123	5072	2598
136	125	4573	2589
136	119	4797	2589
136	106	4827	2583
136	118	4799	2581
136	109	4346	2582
136	122	4885	2586
136	108	4855	2585
136	125	5210	2585
136	128	2489	2591
136	106	2498	2586
136	107	2495	2583
136	106	2509	2596
136	107	2491	2579
136	106	2496	2584
136	107	2494	2583
136	105	2495	2581
136	104	2496	2582
136	108	2488	2577
136	107	2492	2580
136	105	2492	2579
136	106	2499	2586
136	104	2515	2601
136	107	2495	2583
136	106	2500	2587
136	104	2496	2582
136	108	2491	2579
136	115	2496	2594
136	118	2483	2582
136	105	2495	2581
136	104	2498	2584
136	103	2496	2581
136	107	2496	2584
136	104	2500	2585
136	103	2492	2577
136	104	2496	2582
136	104	2493	2578
136	103	2496	2581
136	102	2499	2584
136	116	2485	2582
136	144	2453	2579
136	102	2497	2582
136	89	5057	2583
136	125	4786	2590
136	140	4456	2600
136	123	5369	2590
136	127	2488	2590
136	120	5052	2587
136	134	4883	2601
136	127	2493	2590
136	106	3594	2582
136	107	4720	2581
136	136	5664	2601
136	138	4791	2604
136	127	5916	2595
136	107	4755	2583
136	114	4843	2586
136	118	4807	2589
136	116	2493	2587
136	123	3781	2596
136	125	5024	2601
136	122	2488	2585
136	113	4858	2585
136	120	2496	2592
136	126	4635	2591
136	124	2487	2587
136	148	2477	2601
136	115	4455	2586
136	117	5316	2589
136	116	4800	2583
136	118	4414	2585
136	117	6085	2586
136	117	3973	2589
136	119	4306	2585
136	130	2489	2599
136	125	5314	2592
136	115	4703	2588
136	120	4931	2585
136	127	2494	2599
136	117	3436	2592
136	120	4776	2588
136	114	4920	2582
136	111	4585	2583
136	124	3957	2597
136	121	2505	2601
136	107	3684	2583
136	135	4191	2594
136	106	4729	2584
136	116	4966	2584
136	124	2491	2594
136	106	3444	2593
136	117	2495	2589
136	119	3861	2589
136	124	4801	2592
136	110	4841	2584
136	112	4843	2581
136	109	4730	2585
136	118	4832	2585
136	111	5089	2583
136	80	4806	2579
136	122	4669	2595
136	110	4975	2584
136	119	4807	2588
136	119	7264	2585
136	133	4798	2588
136	126	4191	2598
136	126	2495	2599
136	116	3593	2592
136	109	4726	2584
136	118	5960	2585
136	117	4302	2586
136	135	4790	2599
136	142	5810	2609
136	136	4914	2585
136	116	4829	2585
136	106	5085	2583
136	81	2529	2580
136	71	3592	2580
136	129	7420	2598
136	118	4578	2587
136	119	4303	2582
136	121	5557	2599
136	143	4554	2596
136	118	4309	2589
136	118	2492	2587
136	120	2488	2585
136	118	3420	2594
136	134	2496	2605
136	82	2519	2582
136	70	2526	2583
136	59	2535	2582
136	54	2540	2583
136	54	2535	2577
136	55	2535	2579
136	61	2536	2583
136	59	2537	2583
136	57	2537	2581
136	53	2539	2581
136	52	2540	2582
136	59	4116	2586
136	126	4508	2592
136	117	4586	2592
136	119	5032	2588
136	117	4169	2587
136	126	4721	2596
136	123	5126	2597
136	120	2492	2587
136	3511	30	3522
136	106	5512	2584
136	124	4165	2591
136	124	4489	2600
136	124	8115	2586
136	124	4437	2587
136	121	4497	2589
136	112	4227	2578
136	109	2494	2584
136	142	3415	2598
136	125	5913	2592
136	120	4517	2583
136	105	4858	2579
136	114	7029	2583
136	139	4572	2603
136	126	2493	2598
136	156	2469	2601
136	105	3573	2588
136	117	4814	2591
136	125	2495	2599
136	113	5710	2586
136	134	2478	2588
136	122	4319	2589
136	116	4912	2585
136	118	4801	2584
136	106	5476	2609
136	115	5580	2588
136	121	8131	2582
136	120	6209	2588
136	135	5611	2597
136	114	4730	2586
136	126	4806	2595
136	115	5825	2587
136	110	5026	2584
136	121	4618	2587
136	131	4536	2594
136	137	4148	2600
136	123	4822	2597
136	115	4824	2587
136	139	4805	2606
136	118	4609	2599
136	120	4943	2589
136	130	4556	2586
136	123	4533	2589
136	117	2491	2586
136	107	3215	2578
136	136	4147	2601
136	137	7634	2598
136	144	4318	2598
136	119	5079	2585
136	105	5201	2599
136	122	4796	2592
136	113	6574	2587
136	117	4613	2584
136	118	4867	2586
136	122	5429	2596
136	121	4582	2590
136	119	4795	2589
136	107	4980	2584
136	126	4659	2588
136	108	4982	2581
136	123	4682	2593
136	126	4703	2598
136	125	4676	2596
136	126	5289	2599
136	123	4808	2590
136	110	5766	2582
136	130	4834	2598
136	128	2491	2598
136	138	3370	2595
136	123	2492	2596
136	115	2759	2587
136	120	2490	2586
136	106	3422	2588
136	104	2500	2585
136	126	3867	2596
136	132	4659	2596
136	128	4498	2602
136	109	5327	2579
136	119	2491	2587
136	108	2912	2586
136	121	3932	2589
136	116	5053	2585
136	121	2491	2588
136	108	3686	2582
136	114	2971	2584
136	124	4687	2600
136	120	4700	2585
136	125	4805	2603
136	122	6633	2588
136	115	4718	2593
136	127	5153	2595
136	124	4696	2587
136	121	4785	2586
136	115	4890	2586
136	136	5913	2600
136	120	4792	2588
136	108	5012	2582
136	125	4949	2599
136	109	4854	2579
136	112	4542	2580
136	121	3718	2587
136	134	6049	2603
136	141	2477	2595
136	122	3504	2609
136	111	4390	2586
136	124	5564	2587
136	128	2493	2598
136	105	3678	2587
136	104	5203	2580
136	123	5348	2601
136	125	5281	2596
136	140	5222	2603
136	125	4922	2597
136	136	4885	2586
136	114	5467	2587
136	123	4838	2598
136	107	5457	2583
136	135	4580	2603
136	120	2492	2588
136	107	2492	2580
136	121	2483	2585
136	106	2495	2583
136	106	2493	2580
136	105	2497	2584
136	106	2494	2581
136	128	2485	2595
136	106	2505	2592
136	121	2496	2590
136	106	2498	2585
136	106	2495	2583
136	109	2489	2580
136	104	2495	2581
136	107	2495	2582
136	104	2504	2589
136	105	2497	2581
136	106	2492	2580
136	127	4327	2590
136	121	4574	2584
136	120	4776	2588
136	117	4820	2584
136	128	4781	2595
136	117	4835	2587
136	119	2488	2585
136	109	3509	2581
136	83	5070	2610
136	119	7844	2597
136	139	5121	2599
136	124	4512	2587
136	119	4105	2589
136	121	5037	2584
136	128	4180	2599
136	118	2487	2583
136	125	3400	2597
136	126	4821	2597
136	107	3980	2581
136	121	4781	2587
136	111	4199	2584
136	140	6056	2599
136	136	2489	2600
136	107	3496	2588
136	122	4826	2596
136	128	5341	2601
136	147	4534	2600
136	119	8136	2586
136	120	4646	2588
136	123	5161	2599
136	118	2496	2591
136	106	3894	2581
136	129	4917	2596
136	125	7214	2598
136	129	2496	2603
136	140	2657	2603
136	122	2490	2586
136	128	3741	2596
136	125	4620	2593
136	128	4953	2596
136	126	4886	2598
136	121	5044	2588
136	119	2493	2589
136	106	4310	2583
136	122	5109	2584
136	127	3698	2586
136	121	4822	2586
136	121	5478	2602
136	125	2493	2596
136	117	4786	2593
136	114	4634	2595
136	121	6762	2591
136	121	4698	2589
136	118	5537	2585
136	119	5576	2586
136	135	4805	2601
136	123	4774	2587
136	122	4825	2612
136	120	2490	2587
136	125	3507	2590
136	119	5032	2585
136	125	4729	2600
136	124	4893	2592
136	119	5659	2588
136	121	5389	2587
136	124	2489	2588
136	107	3836	2582
136	132	4635	2597
136	108	2492	2580
136	105	3897	2583
136	116	4989	2583
136	119	4722	2598
136	127	4713	2598
136	130	5019	2586
136	120	2490	2586
136	3661	1663	5305
136	115	5614	2584
136	121	4199	2593
136	141	5758	2602
136	122	4811	2584
136	113	4720	2587
136	120	4949	2591
136	121	4771	2591
136	114	4860	2584
136	113	4832	2583
136	119	4785	2591
136	120	4719	2635
136	113	4943	2583
136	120	5554	2587
136	111	5612	2592
136	117	4891	2588
136	115	4806	2584
136	107	2501	2589
136	106	3915	2586
136	122	5438	2587
136	108	5598	2584
136	125	4920	2588
136	137	2480	2597
136	106	3813	2585
136	110	2493	2582
136	107	3750	2580
136	119	4680	2585
136	120	2492	2588
136	106	5170	2587
136	115	2494	2587
136	118	3801	2595
136	122	5076	2596
136	122	4815	2588
136	107	4850	2586
136	126	6179	2598
136	134	5235	2605
136	119	4798	2587
136	111	4851	2586
136	108	4713	2584
136	124	6316	2589
136	119	4926	2592
136	114	2491	2584
136	141	3652	2595
136	125	5058	2594
136	122	6068	2588
136	118	4808	2592
136	107	4205	2580
136	120	4154	2587
136	120	6252	2599
136	121	4802	2587
136	133	4998	2595
136	140	5544	2604
136	138	4165	2599
136	124	4609	2596
136	122	4811	2588
136	117	4825	2586
136	107	4984	2580
136	122	2486	2585
136	122	3431	2599
136	106	4856	2582
136	107	4856	2582
136	108	4843	2585
136	126	4870	2587
136	125	2493	2598
136	3862	3	3845
136	120	4710	2597
136	123	4794	2590
136	107	5169	2581
136	113	4686	2587
136	122	4704	2586
136	130	4930	2599
136	122	4797	2590
136	126	6189	2594
136	131	4795	2597
136	107	4988	2586
136	123	5057	2596
136	136	2489	2602
136	115	3527	2584
136	114	4939	2587
136	129	4778	2598
136	119	4720	2591
136	115	8029	2616
136	120	4185	2590
136	134	4150	2597
136	117	6237	2585
136	121	4803	2586
136	143	4802	2598
136	121	4920	2593
136	131	4684	2588
136	109	8310	2583
136	112	4815	2584
136	119	4913	2590
136	145	4786	2601
136	125	4712	2593
136	108	6895	2584
136	122	4632	2588
136	124	4807	2595
136	115	6307	2588
136	124	4044	2593
136	121	4150	2588
136	118	2489	2584
136	106	3602	2581
136	116	2491	2587
136	107	3717	2580
136	118	4563	2587
136	115	4944	2585
136	114	4697	2583
136	120	5063	2588
136	116	5439	2592
136	119	4891	2604
136	120	4196	2596
136	111	2495	2585
136	119	3539	2585
136	115	4835	2587
136	129	4797	2599
136	105	4813	2583
136	121	5584	2596
136	121	4810	2584
136	112	5592	2584
136	119	5058	2589
136	123	4791	2592
136	127	4781	2596
136	144	4938	2599
136	122	4722	2588
136	122	6170	2586
136	126	4445	2587
136	128	5248	2587
136	119	5135	2586
136	120	4802	2586
136	111	5487	2587
136	112	3409	2585
136	119	2491	2585
136	142	5048	2601
136	123	2494	2588
136	106	3059	2582
136	81	2515	2577
136	70	3722	2583
136	120	2493	2589
136	130	4918	2585
136	116	6361	2594
136	126	4813	2595
136	128	4824	2603
136	133	5154	2596
136	119	4810	2588
136	117	4600	2589
136	131	4667	2589
136	107	4720	2585
136	119	4157	2586
136	141	5584	2598
136	122	4791	2590
136	118	3419	2583
136	119	2491	2588
136	107	3535	2596
136	119	4639	2587
136	115	4825	2587
136	118	5023	2593
136	129	4805	2599
136	106	6253	2583
136	125	3549	2594
136	119	2491	2586
136	131	5709	2597
136	122	4808	2598
136	128	4536	2600
136	125	5256	2586
136	114	4679	2585
136	128	2494	2599
136	116	2894	2582
136	132	4827	2596
136	109	4197	2584
136	122	4823	2605
136	129	4704	2595
136	121	4923	2595
136	116	6250	2585
136	112	4808	2586
136	108	4858	2588
136	121	5045	2593
136	109	4944	2580
136	110	4963	2581
136	149	2479	2603
136	3606	5027	6074
136	124	6293	2596
136	127	4198	2592
136	137	2488	2601
136	118	3651	2597
136	107	5859	2583
136	130	4591	2597
136	122	5009	2595
136	116	4867	2585
136	125	4976	2589
136	118	2491	2586
136	4405	413	4800
136	120	3701	2595
136	124	4681	2599
136	127	6337	2597
136	126	4838	2587
136	130	2488	2597
136	4118	115	4213
136	123	4633	2609
136	115	6193	2589
136	126	5151	2594
136	128	4671	2596
136	121	6293	2589
136	129	4680	2597
136	111	2494	2583
136	106	3973	2581
136	125	6311	2596
136	109	4859	2582
136	141	6925	2597
136	121	4753	2589
136	117	4812	2586
136	131	4845	2598
136	116	4693	2599
136	129	4717	2599
136	107	2494	2582
136	105	3715	2581
136	138	4773	2599
136	103	4113	2576
136	121	4144	2588
136	136	5321	2587
136	128	5672	2599
136	120	4820	2589
136	107	2495	2583
136	123	3587	2593
136	124	4986	2587
136	135	2491	2603
136	107	3685	2584
136	151	6271	2602
136	120	4904	2587
136	111	4958	2582
136	124	4886	2596
136	116	4732	2586
136	116	2489	2583
136	134	4935	2598
136	131	4163	2602
136	119	6410	2586
136	117	4732	2587
136	105	4861	2579
136	83	6338	2587
136	158	2464	2599
136	107	3052	2583
136	121	4059	2589
136	121	2489	2587
136	119	3531	2589
136	118	4813	2587
136	127	3352	2606
136	118	2491	2586
136	3525	2	3508
136	106	4919	2581
136	121	6234	2592
136	149	5264	2585
136	124	4645	2587
136	114	4824	2585
136	125	4832	2599
136	125	6599	2600
136	125	4766	2585
136	114	4836	2587
136	105	6426	2583
136	135	4874	2589
136	121	4793	2590
136	113	4585	2585
136	82	5093	2582
136	126	4852	2599
136	107	2496	2584
136	104	3604	2579
136	126	4684	2597
136	121	5177	2586
136	120	4568	2582
136	119	4916	2585
136	117	2494	2588
136	106	3586	2584
136	112	2494	2586
136	116	3713	2594
136	135	4845	2598
136	120	4798	2590
136	120	4830	2598
136	115	5792	2583
136	120	4073	2588
136	117	2496	2590
136	106	5185	2582
136	127	4815	2602
136	117	4806	2587
136	110	4876	2586
136	120	4790	2587
136	127	4832	2598
136	84	2517	2581
136	72	3827	2587
136	127	4825	2594
136	119	5180	2591
136	123	2490	2588
136	117	3636	2595
136	125	4814	2595
136	138	2591	2599
136	132	4948	2582
136	120	4774	2586
136	116	5065	2585
136	125	4922	2601
136	126	4719	2597
136	111	6196	2584
136	122	5919	2589
136	120	4226	2586
136	119	2493	2589
136	126	4154	2594
136	138	2481	2598
136	107	2494	2581
136	115	4030	2585
136	121	4847	2597
136	120	4911	2589
136	125	4880	2582
136	118	4706	2587
136	119	5003	2588
136	118	4710	2584
136	107	4914	2580
136	108	2804	2583
136	124	2489	2593
136	106	3720	2578
136	112	4844	2587
136	107	5816	2579
136	119	5446	2589
136	124	7643	2588
136	117	5578	2584
136	121	4793	2587
136	107	4969	2610
136	131	5037	2597
136	121	6196	2585
136	114	4823	2583
136	108	4942	2585
136	128	4686	2587
136	121	4839	2591
136	110	4940	2587
136	119	6239	2584
136	153	5169	2596
136	118	5594	2586
136	118	2495	2589
136	140	3685	2595
136	121	5335	2589
136	114	5156	2589
136	133	4864	2594
136	120	4770	2586
136	115	4808	2586
136	105	4714	2585
136	125	6309	2598
136	109	3569	2585
136	121	2490	2587
136	142	3526	2598
136	119	6347	2585
136	125	4796	2596
136	124	5692	2591
136	123	5087	2586
136	124	4828	2598
136	139	5295	2599
136	131	4336	2596
136	120	2494	2595
136	104	3718	2590
136	106	5382	2582
136	140	4770	2598
136	126	5786	2596
136	114	4814	2586
136	108	4832	2583
136	114	5580	2584
136	150	4760	2603
136	106	4714	2585
136	124	5165	2596
136	123	2491	2590
136	120	6038	2587
136	141	4783	2599
136	107	4083	2586
136	120	5866	2586
136	121	4812	2589
136	141	4797	2596
136	125	4823	2599
136	112	4564	2585
136	116	4804	2584
136	108	5812	2585
136	131	4609	2588
136	123	4884	2587
136	119	5664	2587
136	122	4802	2591
136	110	5719	2583
136	120	4543	2594
136	116	4185	2587
136	142	5556	2595
136	121	2499	2597
136	3763	723	4468
136	130	4150	2600
136	120	2489	2585
136	139	3717	2595
136	117	4730	2588
136	107	6339	2582
136	120	5046	2585
136	107	4846	2588
136	110	4965	2583
136	122	5427	2587
136	122	5569	2605
136	123	4808	2609
136	121	4807	2589
136	107	5195	2583
136	121	2500	2597
136	123	4554	2585
136	129	8770	2599
136	133	4787	2601
136	122	4948	2594
136	119	2493	2589
136	124	3659	2597
136	135	5321	2608
136	134	6098	2598
136	144	5557	2594
136	121	5069	2587
136	108	4850	2581
136	129	5305	2588
136	129	2494	2600
136	105	3718	2581
136	121	4811	2586
136	124	4640	2594
136	138	2474	2588
136	116	3008	2583
136	119	4230	2586
136	109	2497	2587
136	120	4811	2594
136	122	2487	2584
136	107	3943	2584
136	122	2491	2589
136	107	4571	2581
136	107	5400	2581
136	121	2493	2590
136	108	3850	2585
136	130	5547	2598
136	118	5755	2587
136	118	4771	2583
136	115	4955	2586
136	126	5715	2595
136	124	5330	2601
136	129	5763	2588
136	128	4823	2599
136	143	5021	2598
136	135	2489	2599
136	107	2493	2581
136	119	2484	2585
136	106	2493	2580
136	106	2494	2582
136	105	2493	2580
136	106	2493	2580
136	105	2494	2580
136	103	2494	2579
136	120	2479	2581
136	105	2500	2587
136	106	2494	2582
136	104	2493	2579
136	107	2490	2578
136	104	2494	2580
136	105	2494	2581
136	103	2494	2579
136	116	2485	2583
136	104	2496	2582
136	106	2499	2586
136	132	2478	2588
136	104	2491	2576
136	104	2497	2583
136	104	2493	2579
136	104	2496	2582
136	133	5052	2596
136	126	2488	2589
136	125	3516	2600
136	107	4702	2583
136	119	4949	2589
136	114	2486	2579
136	105	3942	2581
136	136	4949	2604
136	122	4495	2591
136	109	5022	2593
136	118	4729	2581
136	109	2494	2584
136	106	3713	2586
136	128	4910	2595
136	106	6338	2583
136	111	4856	2583
136	119	5014	2590
136	123	2490	2587
136	122	4328	2586
136	123	4813	2599
136	107	4858	2583
136	116	4718	2591
136	120	4800	2586
136	104	5003	2580
136	125	4821	2592
136	126	6241	2600
136	115	4867	2590
136	131	4837	2588
136	140	6194	2598
136	121	2493	2588
136	123	3619	2593
136	83	4197	2575
136	120	4733	2589
136	120	2489	2585
136	107	2494	2582
136	116	2514	2595
136	107	2494	2582
136	106	2497	2584
136	107	2498	2585
136	116	2495	2592
136	104	2510	2597
136	104	2497	2583
136	106	2493	2581
136	108	2494	2582
136	104	2496	2581
136	117	2490	2587
136	105	2496	2582
136	115	2499	2595
136	104	2495	2581
136	107	2495	2583
136	103	2497	2582
136	104	2495	2580
136	104	2492	2578
136	104	2499	2584
136	105	2497	2583
136	103	2493	2578
136	122	2476	2580
136	103	2495	2580
136	105	2497	2583
136	104	2498	2584
136	124	2494	2597
136	133	2480	2595
136	103	2496	2581
136	104	2492	2577
136	103	2497	2582
136	106	2492	2580
136	103	2500	2585
136	110	2486	2577
136	103	2494	2579
136	102	2496	2580
136	102	2497	2582
136	116	2496	2594
136	106	2493	2581
136	105	2497	2584
136	102	2496	2580
136	103	2499	2585
136	102	2496	2581
136	103	2496	2581
136	101	2493	2576
136	103	2500	2584
136	102	2500	2584
136	103	2497	2582
136	102	2498	2583
136	102	2494	2578
136	102	2497	2581
136	102	2495	2579
136	113	2488	2583
136	106	2493	2581
136	101	2496	2581
136	118	2485	2585
136	101	2495	2579
136	102	2498	2582
136	102	2499	2583
136	101	2501	2584
136	144	2496	2623
136	101	2496	2580
136	102	2498	2582
136	102	2497	2582
136	116	2539	2584
136	103	2496	2580
136	101	2498	2581
136	102	2501	2586
136	102	2497	2581
136	102	2499	2583
136	102	2497	2580
136	108	2492	2582
136	101	2496	2580
136	101	2497	2581
136	101	2496	2579
136	119	2483	2584
136	102	2495	2579
136	101	2495	2579
136	105	2498	2585
136	101	2496	2580
136	101	2497	2581
136	102	2499	2584
136	104	2495	2581
136	105	2495	2582
136	107	2502	2586
136	102	2494	2578
136	102	2496	2580
136	102	2496	2580
136	100	2498	2580
136	104	2493	2580
136	101	2498	2582
136	104	2491	2577
136	102	2496	2580
136	105	2498	2585
136	101	2499	2583
136	108	2492	2583
136	101	2497	2581
136	101	2499	2583
136	102	2495	2580
136	101	2495	2579
136	101	2495	2579
136	101	2498	2582
136	101	2501	2585
136	111	2489	2583
136	101	2496	2580
136	105	2498	2586
136	101	2500	2584
136	112	2501	2585
136	101	2495	2579
136	101	3225	2583
136	133	5939	2590
136	108	2496	2584
136	105	3112	2582
136	121	4796	2587
136	117	4045	2585
136	123	4792	2589
136	123	4798	2591
136	122	6366	2587
136	123	4641	2589
136	129	4939	2600
136	124	5721	2588
136	116	4820	2583
136	107	4846	2584
136	124	4772	2599
136	110	4201	2586
136	154	5438	2614
136	121	4075	2588
136	121	2492	2588
136	130	3412	2586
136	123	4816	2594
136	109	4717	2584
136	138	4178	2599
136	120	2496	2592
136	123	2481	2585
136	119	4958	2588
136	130	4766	2597
136	119	5002	2584
136	109	4753	2584
136	123	4795	2588
136	122	5661	2585
136	121	4805	2587
136	127	4201	2594
136	117	2491	2586
136	107	3438	2593
136	121	4791	2588
136	128	4905	2597
136	115	4956	2585
136	118	4801	2597
136	106	6282	2582
136	134	4891	2603
136	124	2490	2590
136	128	5311	2596
136	128	4665	2595
136	123	6659	2589
136	127	4587	2594
136	122	4877	2584
136	126	5107	2598
136	119	4932	2588
136	121	2488	2585
136	146	2484	2600
136	125	3224	2596
136	116	4346	2590
136	118	2600	2586
136	119	2499	2599
136	107	2496	2583
136	125	4740	2596
136	125	3558	2595
136	132	4807	2588
136	113	4839	2583
136	111	5714	2585
136	125	4689	2590
136	147	4794	2612
136	125	2497	2600
136	105	3691	2581
136	123	4865	2593
136	123	2494	2597
136	108	3863	2585
136	121	4781	2590
136	109	4920	2583
136	126	4452	2588
136	115	4911	2586
136	123	2493	2593
136	3006	4636	5455
136	122	4768	2591
136	147	5266	2605
136	129	4140	2596
136	125	4815	2596
136	117	7204	2585
136	127	4784	2597
136	126	4822	2596
136	144	2477	2598
136	113	3198	2585
136	140	4807	2597
136	110	4455	2583
136	118	5037	2587
136	121	4784	2588
136	117	4986	2587
136	116	2492	2585
136	107	3552	2583
136	136	5721	2595
136	140	6240	2598
136	121	5035	2585
136	124	2488	2588
136	106	4259	2584
136	120	4296	2589
136	111	4082	2582
136	121	5549	2589
136	117	4772	2585
136	126	5263	2597
136	122	2489	2588
136	115	3768	2588
136	119	2487	2585
136	106	3148	2582
136	115	2488	2583
136	136	3614	2603
136	127	4813	2596
136	125	4582	2593
136	127	5030	2599
136	119	4891	2584
136	125	6392	2595
136	120	5479	2587
136	124	4900	2595
136	128	5912	2588
136	118	5155	2604
136	130	5055	2599
136	109	4845	2585
136	107	4758	2579
136	119	5774	2589
136	119	4797	2590
136	126	4819	2596
136	137	5436	2600
136	134	2477	2587
136	107	3643	2585
136	122	4494	2583
136	121	4019	2591
136	129	4618	2597
136	123	4963	2590
136	118	4429	2587
136	120	2489	2587
136	123	3636	2595
136	113	4586	2585
136	114	5309	2591
136	134	2487	2598
136	107	4587	2582
136	121	4753	2585
136	122	2488	2586
136	139	3600	2599
136	125	5393	2599
136	117	5285	2585
136	123	4970	2594
136	127	4623	2587
136	112	4823	2583
136	121	6088	2595
136	117	4819	2583
136	110	4150	2581
136	118	6711	2585
136	111	4575	2581
136	115	4864	2583
136	121	5860	2588
136	128	4873	2589
136	128	2492	2597
136	138	4084	2600
136	128	4593	2597
136	141	5862	2602
136	148	4776	2599
136	108	4901	2584
136	120	4528	2598
136	115	4818	2586
136	107	4386	2585
136	121	5492	2585
136	107	4846	2600
136	109	4855	2586
136	108	4853	2579
136	116	4834	2586
136	122	5481	2596
136	114	4723	2586
136	118	4907	2587
136	120	5664	2587
136	119	4333	2589
136	121	5277	2588
136	115	5608	2585
136	117	4669	2585
136	120	2495	2590
136	125	4759	2599
136	126	4350	2597
136	118	5518	2585
136	110	6371	2584
136	118	4349	2592
136	119	2491	2587
136	127	4100	2596
136	120	4593	2587
136	123	4944	2591
136	115	4509	2581
136	106	5169	2580
136	142	2479	2601
136	119	4595	2597
136	131	4524	2596
136	124	4821	2599
136	108	5069	2584
136	127	4809	2591
136	145	2479	2600
136	107	4997	2585
136	126	4543	2596
136	82	2517	2578
136	126	5054	2592
136	109	8465	2582
136	125	4643	2587
136	114	4609	2588
136	115	5043	2586
136	119	5228	2589
136	110	5656	2590
136	108	4860	2586
136	128	4819	2597
136	137	4820	2595
136	110	4533	2584
136	119	4891	2587
136	117	5856	2588
136	128	4811	2597
136	110	4851	2583
136	140	4799	2597
136	128	3958	2596
136	122	4814	2585
136	119	5460	2592
136	118	4805	2587
136	124	2496	2599
136	120	4791	2595
136	116	4824	2590
136	136	4805	2600
136	105	5733	2584
136	147	4776	2600
136	123	4616	2593
136	120	4339	2586
136	115	4434	2587
136	125	6291	2594
136	126	4424	2593
136	113	2491	2582
136	120	3719	2593
136	122	5786	2591
136	116	4638	2588
136	116	4982	2586
136	120	2489	2584
136	107	3705	2583
136	138	5288	2597
136	117	5088	2586
136	110	4786	2586
136	123	4864	2588
136	129	5773	2598
136	117	4800	2584
136	113	5945	2582
136	115	4830	2588
136	119	4396	2585
136	110	5496	2584
136	120	4511	2589
136	115	4472	2583
136	121	5789	2590
136	119	4333	2585
136	117	4818	2589
136	116	5988	2588
136	129	4576	2600
136	125	4266	2591
136	128	5857	2599
136	128	5094	2599
136	125	5040	2600
136	120	4805	2589
136	143	4793	2597
136	106	5766	2583
136	110	5187	2586
136	119	4809	2586
136	116	2492	2585
136	105	3421	2589
136	120	5058	2585
136	127	5296	2600
136	123	4503	2588
136	127	4813	2598
136	124	6015	2589
136	124	4581	2590
136	117	4340	2585
136	124	5919	2607
136	112	2493	2583
136	122	6723	2596
136	106	4676	2582
136	119	4615	2586
136	121	2492	2589
136	116	4518	2589
136	119	5018	2589
136	120	5450	2584
136	116	4836	2583
136	128	4778	2598
136	123	6321	2587
136	112	2495	2585
136	106	3295	2584
136	120	4000	2588
136	139	2488	2603
136	106	3630	2584
136	103	5015	2584
136	134	5544	2585
136	121	4735	2586
136	125	5206	2597
136	118	2491	2587
136	106	3072	2580
136	136	4322	2605
136	139	4612	2609
136	114	5456	2588
136	112	4364	2583
136	128	4812	2599
136	108	4674	2582
136	117	4341	2587
136	116	5298	2585
136	115	4692	2584
136	119	2491	2586
136	117	5580	2590
136	113	4303	2583
136	131	5315	2597
136	136	5300	2600
136	122	4631	2585
136	109	5793	2583
136	117	5260	2588
136	127	4811	2597
136	106	5823	2581
136	138	5030	2596
136	122	4587	2587
136	117	5445	2590
136	121	5048	2588
136	112	5054	2586
136	121	4804	2586
136	114	4823	2582
136	106	4641	2580
136	130	5168	2596
136	124	4658	2596
136	116	5730	2587
136	118	5337	2587
136	124	2494	2597
136	118	3497	2591
136	120	2493	2588
136	119	2500	2596
136	106	2493	2581
136	105	2496	2583
136	105	2494	2580
136	104	2498	2583
136	105	2500	2586
136	104	2493	2579
136	104	2499	2584
136	104	2496	2581
136	103	2501	2586
136	104	2499	2584
136	104	2497	2582
136	107	2493	2582
136	103	2500	2586
136	104	2497	2583
136	103	2495	2580
136	103	2497	2582
136	107	2493	2582
136	103	2494	2578
136	106	2493	2580
136	103	2499	2583
136	119	2480	2581
136	102	2495	2579
136	102	2497	2581
136	104	2500	2585
136	102	2497	2581
136	103	2500	2585
136	103	2498	2582
136	131	2481	2593
136	102	2496	2580
136	102	2495	2579
136	103	2496	2581
136	102	2493	2577
136	103	2497	2582
136	102	2499	2584
136	91	6072	2598
136	135	4784	2603
136	142	4326	2595
136	126	5467	2588
136	114	5231	2588
136	116	4981	2585
136	126	2487	2589
136	114	3471	2583
136	123	4425	2599
136	138	2482	2599
136	117	4351	2592
136	118	4508	2584
136	132	2493	2586
136	106	4823	2581
136	121	3940	2591
136	118	4503	2587
136	138	4185	2596
136	133	4327	2605
136	124	4623	2591
136	135	5964	2590
136	120	4998	2597
136	126	4300	2597
136	117	5404	2585
136	124	4797	2587
136	115	4841	2584
136	123	4724	2595
136	123	4281	2599
136	116	4531	2585
136	114	5107	2585
136	119	2493	2589
136	108	3137	2583
136	81	2518	2581
136	71	2873	2580
136	118	4417	2588
136	111	4636	2581
136	127	5432	2594
136	109	4480	2580
136	114	4827	2584
136	109	5340	2581
136	115	4669	2586
136	129	3736	2599
136	125	5477	2589
136	108	4139	2585
136	123	2490	2589
136	108	4762	2582
136	107	2495	2581
136	126	5128	2588
136	126	4063	2592
136	126	4649	2583
136	122	4793	2593
136	127	6066	2598
136	120	4833	2592
136	105	4869	2584
136	106	5027	2581
136	124	4631	2588
136	124	4833	2598
136	124	5083	2601
136	150	4761	2602
136	119	5694	2589
136	122	5006	2588
136	119	4798	2588
136	114	5471	2585
136	139	2478	2595
136	3217	1532	4729
136	144	4897	2609
136	112	2492	2584
136	107	3762	2588
136	122	3544	2589
136	122	4656	2586
136	132	2481	2594
136	110	5578	2583
136	121	5029	2586
136	144	4795	2601
136	120	4329	2588
136	119	2494	2590
136	138	3894	2597
136	125	5904	2599
136	127	4598	2599
136	120	5025	2584
136	118	5222	2589
136	122	3741	2596
136	117	4635	2588
136	119	6071	2588
136	129	4803	2595
